1.00000000000000000000e+00,3.64048603176916074631e+00
1.00500000000000011546e+00,3.55195417035728810973e+00
1.01000000000000000888e+00,3.46561435575247323015e+00
1.01500000000000012434e+00,3.38197274694429861341e+00
1.02000000000000001776e+00,3.30093512486127815819e+00
1.02499999999999991118e+00,3.22241030577698062132e+00
1.03000000000000002665e+00,3.14631010412466594062e+00
1.03499999999999992006e+00,3.07254929010638555553e+00
1.04000000000000003553e+00,3.00104554059439054825e+00
1.04499999999999992895e+00,2.93171938463420822529e+00
1.05000000000000004441e+00,2.86449414522753365020e+00
1.05499999999999993783e+00,2.79929587705541393916e+00
1.06000000000000005329e+00,2.73605330226109400016e+00
1.06499999999999994671e+00,2.67469774346705690959e+00
1.07000000000000006217e+00,2.61516305609502408558e+00
1.07499999999999995559e+00,2.55738555898534780653e+00
1.08000000000000007105e+00,2.50130396521504616558e+00
1.08499999999999996447e+00,2.44685931204945950057e+00
1.09000000000000007994e+00,2.39399489173303070544e+00
1.09499999999999997335e+00,2.34265618204726777662e+00
1.10000000000000008882e+00,2.29279077815346932212e+00
1.10499999999999998224e+00,2.24434832467135203515e+00
1.11000000000000009770e+00,2.19728044933785149340e+00
1.11499999999999999112e+00,2.15154069723762475519e+00
1.12000000000000010658e+00,2.10708446679361216525e+00
1.12500000000000000000e+00,2.06386894656065500442e+00
1.13000000000000011546e+00,2.02185305387104996555e+00
1.13500000000000000888e+00,1.98099737443295231820e+00
1.14000000000000012434e+00,1.94126410380659120136e+00
1.14500000000000001776e+00,1.90261698992134986597e+00
1.15000000000000013323e+00,1.86502127744819001798e+00
1.15500000000000002665e+00,1.82844365325447322235e+00
1.15999999999999992006e+00,1.79285219365745152054e+00
1.16500000000000003553e+00,1.75821631276855283588e+00
1.16999999999999992895e+00,1.72450671255675791471e+00
1.17500000000000004441e+00,1.69169533398796656520e+00
1.17999999999999993783e+00,1.65975530979004637366e+00
1.18500000000000005329e+00,1.62866091826469228110e+00
1.18999999999999994671e+00,1.59838753862486848689e+00
1.19500000000000006217e+00,1.56891160734176704494e+00
1.19999999999999995559e+00,1.54021057591619037197e+00
1.20500000000000007105e+00,1.51226286961973821477e+00
1.20999999999999996447e+00,1.48504784756251684286e+00
1.21500000000000007994e+00,1.45854576369212951548e+00
1.21999999999999997335e+00,1.43273772902775475835e+00
1.22500000000000008882e+00,1.40760567479159837134e+00
1.22999999999999998224e+00,1.38313231669267810986e+00
1.23500000000000009770e+00,1.35930112008031356297e+00
1.23999999999999999112e+00,1.33609626617724797093e+00
1.24500000000000010658e+00,1.31350261916269106521e+00
1.25000000000000000000e+00,1.29150569427291106450e+00
1.25500000000000011546e+00,1.27009162673990871895e+00
1.26000000000000000888e+00,1.24924714169607620207e+00
1.26500000000000012434e+00,1.22895952491325100020e+00
1.27000000000000001776e+00,1.20921659446599627508e+00
1.27500000000000013323e+00,1.19000667323255093777e+00
1.28000000000000002665e+00,1.17131856228679676057e+00
1.28499999999999992006e+00,1.15314151513729656884e+00
1.29000000000000003553e+00,1.13546521283102719302e+00
1.29499999999999992895e+00,1.11827973991764362260e+00
1.30000000000000004441e+00,1.10157556125703059990e+00
1.30499999999999993783e+00,1.08534349970343013680e+00
1.31000000000000005329e+00,1.06957471461418673897e+00
1.31499999999999994671e+00,1.05426068125126359831e+00
1.32000000000000006217e+00,1.03939317098922412441e+00
1.32499999999999995559e+00,1.02496423243072776188e+00
1.33000000000000007105e+00,1.01096617330870208740e+00
1.33499999999999996447e+00,9.97391543307030947751e-01
1.34000000000000007994e+00,9.84233117644548238800e-01
1.34499999999999997335e+00,9.71483881583608543941e-01
1.35000000000000008882e+00,9.59137015673370507685e-01
1.35499999999999998224e+00,9.47185881917105843009e-01
1.36000000000000009770e+00,9.35624010639180214710e-01
1.36499999999999999112e+00,9.24445088268499359785e-01
1.37000000000000010658e+00,9.13642945779359894054e-01
1.37500000000000000000e+00,9.03211548033450273287e-01
1.38000000000000011546e+00,8.93144983729490471447e-01
1.38500000000000000888e+00,8.83437456231526585526e-01
1.39000000000000012434e+00,8.74083274947789479192e-01
1.39500000000000001776e+00,8.65076847558754580270e-01
1.40000000000000013323e+00,8.56412672732025259670e-01
1.40500000000000002665e+00,8.48085333651453776582e-01
1.40999999999999992006e+00,8.40089491963677215125e-01
1.41500000000000003553e+00,8.32419882499378149809e-01
1.41999999999999992895e+00,8.25071308338163778018e-01
1.42500000000000004441e+00,8.18038636606109426097e-01
1.42999999999999993783e+00,8.11316794540173913397e-01
1.43500000000000005329e+00,8.04900766241975818005e-01
1.43999999999999994671e+00,7.98785589620240710218e-01
1.44500000000000006217e+00,7.92966353980197435902e-01
1.44999999999999995559e+00,7.87438197723432597996e-01
1.45500000000000007105e+00,7.82196306654393325175e-01
1.45999999999999996447e+00,7.77235912320429545019e-01
1.46500000000000007994e+00,7.72552290922170037391e-01
1.46999999999999997335e+00,7.68140762182892400389e-01
1.47500000000000008882e+00,7.63996688756729103176e-01
1.47999999999999998224e+00,7.60115475524507311356e-01
1.48500000000000009770e+00,7.56492569403125925120e-01
1.48999999999999999112e+00,7.53123458974919168796e-01
1.49500000000000010658e+00,7.50003674611734227895e-01
1.50000000000000000000e+00,7.47128788355290396339e-01
1.50500000000000011546e+00,7.44494414280748140200e-01
1.51000000000000000888e+00,7.42096208556730196904e-01
1.51500000000000012434e+00,7.39929869984153332219e-01
1.52000000000000001776e+00,7.37991140175248250266e-01
1.52500000000000013323e+00,7.36275804214501561340e-01
1.53000000000000002665e+00,7.34779690906566806952e-01
1.53500000000000014211e+00,7.33498673516154719998e-01
1.54000000000000003553e+00,7.32428670044029228592e-01
1.54499999999999992895e+00,7.31565644012159399523e-01
1.55000000000000004441e+00,7.30905604735652358883e-01
1.55499999999999993783e+00,7.30444608127444938717e-01
1.56000000000000005329e+00,7.30178756941098461297e-01
1.56499999999999994671e+00,7.30104201576522671147e-01
1.57000000000000006217e+00,7.30217140274827203328e-01
1.57499999999999995559e+00,7.30513819912210871088e-01
1.58000000000000007105e+00,7.30990536132740453823e-01
1.58499999999999996447e+00,7.31643634122497665828e-01
1.59000000000000007994e+00,7.32469508670151481233e-01
1.59499999999999997335e+00,7.33464604917018592189e-01
1.60000000000000008882e+00,7.34625418337885638387e-01
1.60499999999999998224e+00,7.35948495465779339852e-01
1.61000000000000009770e+00,7.37430433787662709122e-01
1.61499999999999999112e+00,7.39067882444741197645e-01
1.62000000000000010658e+00,7.40857542038703797971e-01
1.62500000000000000000e+00,7.42796165310310230190e-01
1.63000000000000011546e+00,7.44880556852733577422e-01
1.63500000000000000888e+00,7.47107573772290534109e-01
1.64000000000000012434e+00,7.49474125305477745229e-01
1.64500000000000001776e+00,7.51977173466988113582e-01
1.65000000000000013323e+00,7.54613732567119388506e-01
1.65500000000000002665e+00,7.57380869852957938626e-01
1.66000000000000014211e+00,7.60275704922256490015e-01
1.66500000000000003553e+00,7.63295410364787874080e-01
1.66999999999999992895e+00,7.66437211068387469481e-01
1.67500000000000004441e+00,7.69698384868247376112e-01
1.67999999999999993783e+00,7.73076261739826908759e-01
1.68500000000000005329e+00,7.76568224465164269610e-01
1.68999999999999994671e+00,7.80171707706590278342e-01
1.69500000000000006217e+00,7.83884198700221856981e-01
1.69999999999999995559e+00,7.87703236203030510154e-01
1.70500000000000007105e+00,7.91626411225440529407e-01
1.70999999999999996447e+00,7.95651365843084823481e-01
1.71500000000000007994e+00,7.99775793982089755474e-01
1.71999999999999997335e+00,8.03997440084917358583e-01
1.72500000000000008882e+00,8.08314099964376975294e-01
1.72999999999999998224e+00,8.12723619311029876755e-01
1.73500000000000009770e+00,8.17223894634494185674e-01
1.73999999999999999112e+00,8.21812871597037641891e-01
1.74500000000000010658e+00,8.26488546064273577052e-01
1.75000000000000000000e+00,8.31248962246459832670e-01
1.75500000000000011546e+00,8.36092213884554347203e-01
1.76000000000000000888e+00,8.41016442176340861536e-01
1.76500000000000012434e+00,8.46019837129062701742e-01
1.77000000000000001776e+00,8.51100635242371006406e-01
1.77500000000000013323e+00,8.56257121064841530966e-01
1.78000000000000002665e+00,8.61487624598711532187e-01
1.78500000000000014211e+00,8.66790523105748889066e-01
1.79000000000000003553e+00,8.72164238190127116823e-01
1.79499999999999992895e+00,8.77607237909091342232e-01
1.80000000000000004441e+00,8.83118033478637043387e-01
1.80499999999999993783e+00,8.88695181757828356339e-01
1.81000000000000005329e+00,8.94337281507046166773e-01
1.81499999999999994671e+00,9.00042976331972943704e-01
1.82000000000000006217e+00,9.05810950403886927518e-01
1.82499999999999995559e+00,9.11639931972710648722e-01
1.83000000000000007105e+00,9.17528688431954897453e-01
1.83499999999999996447e+00,9.23476030541452663769e-01
1.84000000000000007994e+00,9.29480806682309701472e-01
1.84499999999999997335e+00,9.35541907973521102981e-01
1.85000000000000008882e+00,9.41658261510926131166e-01
1.85499999999999998224e+00,9.47828836622656156763e-01
1.86000000000000009770e+00,9.54052636812735777028e-01
1.86499999999999999112e+00,9.60328707488029897910e-01
1.87000000000000010658e+00,9.66656126221202227633e-01
1.87500000000000000000e+00,9.73034012410253557057e-01
1.88000000000000011546e+00,9.79461515317480380105e-01
1.88500000000000000888e+00,9.85937826317062837589e-01
1.89000000000000012434e+00,9.92462163925190821168e-01
1.89500000000000001776e+00,9.99033789593241960958e-01
1.90000000000000013323e+00,1.00565198856144943917e+00
1.90500000000000002665e+00,1.01231609064325045466e+00
1.91000000000000014211e+00,1.01902544510528070276e+00
1.91500000000000003553e+00,1.02577944870964543611e+00
1.91999999999999992895e+00,1.03257751173669376499e+00
1.92500000000000004441e+00,1.03941909700745904743e+00
1.92999999999999993783e+00,1.04630367218419961794e+00
1.93500000000000005329e+00,1.05323076623947375907e+00
1.93999999999999994671e+00,1.06019989929246549742e+00
1.94500000000000006217e+00,1.06721066858856694637e+00
1.94999999999999995559e+00,1.07426263884099326695e+00
1.95500000000000007105e+00,1.08135548242056889201e+00
1.95999999999999996447e+00,1.08848879323906766459e+00
1.96500000000000007994e+00,1.09566233859225281577e+00
1.96999999999999997335e+00,1.10287570312238547565e+00
1.97500000000000008882e+00,1.11012881340129432317e+00
1.97999999999999998224e+00,1.11742111277429989613e+00
1.98500000000000009770e+00,1.12475297421894038230e+00
1.98999999999999999112e+00,1.13212293274747599625e+00
1.99500000000000010658e+00,1.13953455907826617377e+00
2.00000000000000000000e+00,1.14696456036865268580e+00
2.00499999999999989342e+00,1.15404358222482206209e+00
2.01000000000000023093e+00,1.16041910017619254170e+00
2.01500000000000012434e+00,1.16610170566868420750e+00
2.02000000000000001776e+00,1.17112835290265371313e+00
2.02499999999999991118e+00,1.17552961370052044821e+00
2.03000000000000024869e+00,1.17933670909307686259e+00
2.03500000000000014211e+00,1.18257877134386624185e+00
2.04000000000000003553e+00,1.18528430682210017544e+00
2.04499999999999992895e+00,1.18748041649105662287e+00
2.04999999999999982236e+00,1.18919335897772682209e+00
2.05500000000000015987e+00,1.19044823695649037987e+00
2.06000000000000005329e+00,1.19126928341848259407e+00
2.06499999999999994671e+00,1.19167971400591854447e+00
2.06999999999999984013e+00,1.19170189908599377659e+00
2.07500000000000017764e+00,1.19135728923081973818e+00
2.08000000000000007105e+00,1.19066653109653963760e+00
2.08499999999999996447e+00,1.18964942968986808758e+00
2.08999999999999985789e+00,1.18832503303158842911e+00
2.09500000000000019540e+00,1.18671161460525276254e+00
2.10000000000000008882e+00,1.18482673902487256612e+00
2.10499999999999998224e+00,1.18268725620840076118e+00
2.10999999999999987566e+00,1.18030935460614072596e+00
2.11500000000000021316e+00,1.17770856242228205701e+00
2.12000000000000010658e+00,1.17489979217889106700e+00
2.12500000000000000000e+00,1.17189734622987229429e+00
2.12999999999999989342e+00,1.16871495496096367006e+00
2.13500000000000023093e+00,1.16536578488975672840e+00
2.14000000000000012434e+00,1.16186247197230185790e+00
2.14500000000000001776e+00,1.15821713119206526343e+00
2.14999999999999991118e+00,1.15444138595474687925e+00
2.15500000000000024869e+00,1.15054637844081431020e+00
2.16000000000000014211e+00,1.14654279577028184178e+00
2.16500000000000003553e+00,1.14244088063097670727e+00
2.16999999999999992895e+00,1.13825045470579055973e+00
2.17500000000000026645e+00,1.13398092924576543439e+00
2.18000000000000015987e+00,1.12964132612905165942e+00
2.18500000000000005329e+00,1.12524028815545706905e+00
2.18999999999999994671e+00,1.12078609802461759415e+00
2.19499999999999984013e+00,1.11628668820369325587e+00
2.20000000000000017764e+00,1.11174965805621450698e+00
2.20500000000000007105e+00,1.10718228318865774540e+00
2.20999999999999996447e+00,1.10259153092267414564e+00
2.21499999999999985789e+00,1.09798406906518097870e+00
2.22000000000000019540e+00,1.09336627988862122862e+00
2.22500000000000008882e+00,1.08874426829811632444e+00
2.22999999999999998224e+00,1.08412387446413038816e+00
2.23499999999999987566e+00,1.07951068138120009898e+00
2.24000000000000021316e+00,1.07491002628165643884e+00
2.24500000000000010658e+00,1.07032700759626075993e+00
2.25000000000000000000e+00,1.06576649526568356663e+00
2.25499999999999989342e+00,1.06123313712456290858e+00
2.26000000000000023093e+00,1.05673136821737045921e+00
2.26500000000000012434e+00,1.05226541663578254671e+00
2.27000000000000001776e+00,1.04783931193743828914e+00
2.27499999999999991118e+00,1.04345689047196810151e+00
2.28000000000000024869e+00,1.03912180299367506997e+00
2.28500000000000014211e+00,1.03483751951541869119e+00
2.29000000000000003553e+00,1.03060733619989042253e+00
2.29499999999999992895e+00,1.02643437978241580666e+00
2.30000000000000026645e+00,1.02232161381918262855e+00
2.30500000000000015987e+00,1.01827184272100335072e+00
2.31000000000000005329e+00,1.01428771743126899807e+00
2.31499999999999994671e+00,1.01037173911223687739e+00
2.31999999999999984013e+00,1.00652626431968217346e+00
2.32500000000000017764e+00,1.00275350838236687601e+00
2.33000000000000007105e+00,9.99055550135106384957e-01
2.33499999999999996447e+00,9.95434335030077388495e-01
2.33999999999999985789e+00,9.91891679484456556537e-01
2.34500000000000019540e+00,9.88429273760098148216e-01
2.35000000000000008882e+00,9.85048685976852800295e-01
2.35499999999999998224e+00,9.81751364794195446883e-01
2.35999999999999987566e+00,9.78538643135981267562e-01
2.36500000000000021316e+00,9.75411740704777430189e-01
2.37000000000000010658e+00,9.72371767458993563338e-01
2.37500000000000000000e+00,9.69419725987243241505e-01
2.37999999999999989342e+00,9.66556514773726949130e-01
2.38500000000000023093e+00,9.63782930456840825073e-01
2.39000000000000012434e+00,9.61099670914229209373e-01
2.39500000000000001776e+00,9.58507337426335426223e-01
2.39999999999999991118e+00,9.56006437607915593446e-01
2.40500000000000024869e+00,9.53597387494178994061e-01
2.41000000000000014211e+00,9.51280514341609206852e-01
2.41500000000000003553e+00,9.49056058651026601680e-01
2.41999999999999992895e+00,9.46924176856511312650e-01
2.42500000000000026645e+00,9.44884943297008117469e-01
2.43000000000000015987e+00,9.42938352808836643959e-01
2.43500000000000005329e+00,9.41084322654566762800e-01
2.43999999999999994671e+00,9.39322695031237109298e-01
2.44499999999999984013e+00,9.37653238963016444352e-01
2.45000000000000017764e+00,9.36075652734649876763e-01
2.45500000000000007105e+00,9.34589565752087070294e-01
2.45999999999999996447e+00,9.33194540908030223392e-01
2.46499999999999985789e+00,9.31890076413076862138e-01
2.47000000000000019540e+00,9.30675608098359141707e-01
2.47500000000000008882e+00,9.29550511218000918845e-01
2.47999999999999998224e+00,9.28514102691889275931e-01
2.48499999999999987566e+00,9.27565642879187413072e-01
2.49000000000000021316e+00,9.26704337763054053489e-01
2.49500000000000010658e+00,9.25929340693757874092e-01
2.50000000000000000000e+00,9.25239754515821077874e-01
2.50499999999999989342e+00,9.24634633278739626050e-01
2.51000000000000023093e+00,9.24112984306362239550e-01
2.51500000000000012434e+00,9.23673769872483285681e-01
2.52000000000000001776e+00,9.23315909211431584680e-01
2.52499999999999991118e+00,9.23038280155676016392e-01
2.53000000000000024869e+00,9.22839721086369246805e-01
2.53500000000000014211e+00,9.22719032529727201108e-01
2.54000000000000003553e+00,9.22674979045810639278e-01
2.54499999999999992895e+00,9.22706290780618831882e-01
2.55000000000000026645e+00,9.22811665291473959272e-01
2.55500000000000015987e+00,9.22989769051641983921e-01
2.56000000000000005329e+00,9.23239239210488116250e-01
2.56499999999999994671e+00,9.23558685047813021640e-01
2.56999999999999984013e+00,9.23946689667239140498e-01
2.57500000000000017764e+00,9.24401811397484562960e-01
2.58000000000000007105e+00,9.24922585417402798313e-01
2.58499999999999996447e+00,9.25507525101911143750e-01
2.58999999999999985789e+00,9.26155123577523387013e-01
2.59500000000000019540e+00,9.26863855010767068165e-01
2.60000000000000008882e+00,9.27632176093102112091e-01
2.60499999999999998224e+00,9.28458527270211275706e-01
2.60999999999999987566e+00,9.29341334155677878393e-01
2.61500000000000021316e+00,9.30279008699684162309e-01
2.62000000000000010658e+00,9.31269950530907997255e-01
2.62500000000000000000e+00,9.32312548063731205694e-01
2.62999999999999989342e+00,9.33405179768314718913e-01
2.63500000000000023093e+00,9.34546215215563469414e-01
2.64000000000000012434e+00,9.35734016275432511911e-01
2.64500000000000001776e+00,9.36966938099445201260e-01
2.64999999999999991118e+00,9.38243330247771956110e-01
2.65500000000000024869e+00,9.39561537609221453238e-01
2.66000000000000014211e+00,9.40919901457705876169e-01
2.66500000000000003553e+00,9.42316760310140555390e-01
2.66999999999999992895e+00,9.43750450913374949735e-01
2.67500000000000026645e+00,9.45219309040518540499e-01
2.68000000000000015987e+00,9.46721670409453763817e-01
2.68500000000000005329e+00,9.48255871418582474419e-01
2.68999999999999994671e+00,9.49820249998461818564e-01
2.69499999999999984013e+00,9.51413146288001554396e-01
2.70000000000000017764e+00,9.53032903420760524327e-01
2.70500000000000007105e+00,9.54677868143051666650e-01
2.70999999999999996447e+00,9.56346391536816664569e-01
2.71499999999999985789e+00,9.58036829581079496521e-01
2.72000000000000019540e+00,9.59747543813272097069e-01
2.72500000000000008882e+00,9.61476901835850217282e-01
2.72999999999999998224e+00,9.63223277918271336695e-01
2.73499999999999987566e+00,9.64985053450526875096e-01
2.74000000000000021316e+00,9.66760617487878004539e-01
2.74500000000000010658e+00,9.68548367153375444616e-01
2.75000000000000000000e+00,9.70346708127748369677e-01
2.75499999999999989342e+00,9.72154055002870109981e-01
2.76000000000000023093e+00,9.73968831719050465168e-01
2.76500000000000012434e+00,9.75789471871679303661e-01
2.77000000000000001776e+00,9.77614419098416398413e-01
2.77499999999999991118e+00,9.79442127341084933789e-01
2.78000000000000024869e+00,9.81271061185064463750e-01
2.78500000000000014211e+00,9.83099696078739149208e-01
2.79000000000000003553e+00,9.84926518627604052902e-01
2.79499999999999992895e+00,9.86750026773367094890e-01
2.80000000000000026645e+00,9.88568730045056742739e-01
2.80500000000000015987e+00,9.90381149700073959430e-01
2.81000000000000005329e+00,9.92185818934755214826e-01
2.81499999999999994671e+00,9.93981282989434111741e-01
2.81999999999999984013e+00,9.95766099320660069694e-01
2.82500000000000017764e+00,9.97538837672495626308e-01
2.83000000000000007105e+00,9.99298080212729034066e-01
2.83499999999999996447e+00,1.00104242157236988930e+00
2.83999999999999985789e+00,1.00277046894791865839e+00
2.84500000000000019540e+00,1.00448084211116528408e+00
2.85000000000000008882e+00,1.00617217347969112318e+00
2.85499999999999998224e+00,1.00784310809880173210e+00
2.85999999999999987566e+00,1.00949230368213793696e+00
2.86500000000000021316e+00,1.01111843056770034366e+00
2.87000000000000010658e+00,1.01272017173054429406e+00
2.87500000000000000000e+00,1.01429622271457131610e+00
2.87999999999999989342e+00,1.01584529161896686134e+00
2.88500000000000023093e+00,1.01736609900755903269e+00
2.89000000000000012434e+00,1.01885737787073815674e+00
2.89500000000000001776e+00,1.02031787351390734742e+00
2.89999999999999991118e+00,1.02174634349627524443e+00
2.90500000000000024869e+00,1.02314155750008151102e+00
2.91000000000000014211e+00,1.02450229724769381612e+00
2.91500000000000003553e+00,1.02582735635305111188e+00
2.91999999999999992895e+00,1.02711554021809203796e+00
2.92500000000000026645e+00,1.02836566586810329582e+00
2.93000000000000015987e+00,1.02957656182842005599e+00
2.93500000000000005329e+00,1.03074706794530590592e+00
2.93999999999999994671e+00,1.03187603524321636073e+00
2.94499999999999984013e+00,1.03296232573344304306e+00
2.95000000000000017764e+00,1.03400481225159612819e+00
2.95500000000000007105e+00,1.03500237825705942996e+00
2.95999999999999996447e+00,1.03595391764829880543e+00
2.96499999999999985789e+00,1.03685833455912446155e+00
2.97000000000000019540e+00,1.03771454314471744951e+00
2.97500000000000008882e+00,1.03852146738906236934e+00
2.97999999999999998224e+00,1.03927804083756880615e+00
2.98499999999999987566e+00,1.03998320646549657909e+00
2.99000000000000021316e+00,1.04063591624849038908e+00
2.99500000000000010658e+00,1.04123513138627954433e+00
3.00000000000000000000e+00,1.04177982061740137532e+00
3.00499999999999989342e+00,1.04226897212764435530e+00
3.01000000000000023093e+00,1.04270169472620510831e+00
3.01500000000000012434e+00,1.04307731240736112355e+00
3.02000000000000001776e+00,1.04339536274322020049e+00
3.02499999999999991118e+00,1.04365558158048621351e+00
3.03000000000000024869e+00,1.04385789043588061986e+00
3.03500000000000014211e+00,1.04400238374706821887e+00
3.04000000000000003553e+00,1.04408931709795083087e+00
3.04499999999999992895e+00,1.04411909577437334029e+00
3.05000000000000026645e+00,1.04409226401662369454e+00
3.05500000000000015987e+00,1.04400949467032555518e+00
3.06000000000000005329e+00,1.04387157942483721484e+00
3.06499999999999994671e+00,1.04367941944847686386e+00
3.07000000000000028422e+00,1.04343401654570322457e+00
3.07500000000000017764e+00,1.04313646469129528427e+00
3.08000000000000007105e+00,1.04278794203774261007e+00
3.08499999999999996447e+00,1.04238970327471669464e+00
3.08999999999999985789e+00,1.04194307242132477853e+00
3.09500000000000019540e+00,1.04144943594406091947e+00
3.10000000000000008882e+00,1.04091023627207635016e+00
3.10499999999999998224e+00,1.04032696561219850651e+00
3.10999999999999987566e+00,1.03970116012921653947e+00
3.11500000000000021316e+00,1.03903439440060418875e+00
3.12000000000000010658e+00,1.03832827620709955418e+00
3.12500000000000000000e+00,1.03758444157373630468e+00
3.12999999999999989342e+00,1.03680455011952110667e+00
3.13500000000000023093e+00,1.03599028063464126959e+00
3.14000000000000012434e+00,1.03514332694106281352e+00
3.14500000000000001776e+00,1.03426539395927763465e+00
3.14999999999999991118e+00,1.03335819403498563318e+00
3.15500000000000024869e+00,1.03242344345170877773e+00
3.16000000000000014211e+00,1.03146285918158309158e+00
3.16500000000000003553e+00,1.03047815580345059061e+00
3.16999999999999992895e+00,1.02947104263898658871e+00
3.17500000000000026645e+00,1.02844322103866070428e+00
3.18000000000000015987e+00,1.02739638186714277168e+00
3.18500000000000005329e+00,1.02633220312263517826e+00
3.18999999999999994671e+00,1.02525234773853224368e+00
3.19500000000000028422e+00,1.02415846150421585570e+00
3.20000000000000017764e+00,1.02305217115248070492e+00
3.20500000000000007105e+00,1.02193508255278286967e+00
3.20999999999999996447e+00,1.02080877905676414841e+00
3.21499999999999985789e+00,1.01967481993730624268e+00
3.22000000000000019540e+00,1.01853473896678714539e+00
3.22500000000000008882e+00,1.01739004307793745596e+00
3.22999999999999998224e+00,1.01624221115202617582e+00
3.23499999999999987566e+00,1.01509269287960957051e+00
3.24000000000000021316e+00,1.01394290773786455162e+00
3.24500000000000010658e+00,1.01279424403167883639e+00
3.25000000000000000000e+00,1.01164805804162583058e+00
3.25499999999999989342e+00,1.01050567322763829026e+00
3.26000000000000023093e+00,1.00936837953083990982e+00
3.26500000000000012434e+00,1.00823743272409771521e+00
3.27000000000000001776e+00,1.00711405385289554104e+00
3.27499999999999991118e+00,1.00599942871854652893e+00
3.28000000000000024869e+00,1.00489470744470299479e+00
3.28500000000000014211e+00,1.00380100408075811913e+00
3.29000000000000003553e+00,1.00271939628225137398e+00
3.29499999999999992895e+00,1.00165092502316888101e+00
3.30000000000000026645e+00,1.00059659437961689932e+00
3.30500000000000015987e+00,9.99557371341178280133e-01
3.31000000000000005329e+00,9.98534185688597308861e-01
3.31499999999999994671e+00,9.97527929895250631276e-01
3.32000000000000028422e+00,9.96539459090417301113e-01
3.32500000000000017764e+00,9.95569591043095725169e-01
3.33000000000000007105e+00,9.94619106203543990041e-01
3.33499999999999996447e+00,9.93688747762311530565e-01
3.33999999999999985789e+00,9.92779221763316455096e-01
3.34500000000000019540e+00,9.91891197231898891218e-01
3.35000000000000008882e+00,9.91025306353576218577e-01
3.35499999999999998224e+00,9.90182144665340713274e-01
3.35999999999999987566e+00,9.89362271294606410166e-01
3.36500000000000021316e+00,9.88566209208704860245e-01
3.37000000000000010658e+00,9.87794445509220464530e-01
3.37500000000000000000e+00,9.87047431734873859099e-01
3.37999999999999989342e+00,9.86325584206639405238e-01
3.38500000000000023093e+00,9.85629284379776260394e-01
3.39000000000000012434e+00,9.84958879235655171414e-01
3.39500000000000001776e+00,9.84314681678787550823e-01
3.39999999999999991118e+00,9.83696970971356998703e-01
3.40500000000000024869e+00,9.83105993171546455045e-01
3.41000000000000014211e+00,9.82541961607186320471e-01
3.41500000000000003553e+00,9.82005057351672649979e-01
3.41999999999999992895e+00,9.81495429733117541460e-01
3.42500000000000026645e+00,9.81013196844513490902e-01
3.43000000000000015987e+00,9.80558446085118884383e-01
3.43500000000000005329e+00,9.80131234701443809776e-01
3.43999999999999994671e+00,9.79731590357516002321e-01
3.44500000000000028422e+00,9.79359511703580931652e-01
3.45000000000000017764e+00,9.79014968972190313679e-01
3.45500000000000007105e+00,9.78697904571390719930e-01
3.45999999999999996447e+00,9.78408233703462526520e-01
3.46499999999999985789e+00,9.78145844979656509111e-01
3.47000000000000019540e+00,9.77910601058688988552e-01
3.47500000000000008882e+00,9.77702339279955090490e-01
3.47999999999999998224e+00,9.77520872318756506303e-01
3.48499999999999987566e+00,9.77365988835199983598e-01
3.49000000000000021316e+00,9.77237454143407902052e-01
3.49500000000000010658e+00,9.77135010873181109048e-01
3.50000000000000000000e+00,9.77058379650316277676e-01
3.50499999999999989342e+00,9.77007259768394087374e-01
3.51000000000000023093e+00,9.76981329877614435020e-01
3.51500000000000012434e+00,9.76980248663948280807e-01
3.52000000000000001776e+00,9.77003655543783988691e-01
3.52499999999999991118e+00,9.77051171347982805315e-01
3.53000000000000024869e+00,9.77122399019925591546e-01
3.53500000000000014211e+00,9.77216924301899547700e-01
3.54000000000000003553e+00,9.77334316434038452570e-01
3.54499999999999992895e+00,9.77474128840782774397e-01
3.55000000000000026645e+00,9.77635899828514731702e-01
3.55500000000000015987e+00,9.77819153269739782530e-01
3.56000000000000005329e+00,9.78023399297132334240e-01
3.56499999999999994671e+00,9.78248134983416228749e-01
3.57000000000000028422e+00,9.78492845029861779693e-01
3.57500000000000017764e+00,9.78757002439756829126e-01
3.58000000000000007105e+00,9.79040069199323514937e-01
3.58499999999999996447e+00,9.79341496943012979060e-01
3.58999999999999985789e+00,9.79660727625142224717e-01
3.59500000000000019540e+00,9.79997194175171282282e-01
3.60000000000000008882e+00,9.80350321158295789914e-01
3.60499999999999998224e+00,9.80719525419210258477e-01
3.60999999999999987566e+00,9.81104216730231071253e-01
3.61500000000000021316e+00,9.81503798421980766520e-01
3.62000000000000010658e+00,9.81917668017554756688e-01
3.62500000000000000000e+00,9.82345217848906493430e-01
3.62999999999999989342e+00,9.82785835675910823817e-01
3.63500000000000023093e+00,9.83238905287163067470e-01
3.64000000000000012434e+00,9.83703807102726979217e-01
3.64500000000000001776e+00,9.84179918758404936874e-01
3.64999999999999991118e+00,9.84666615691295543655e-01
3.65500000000000024869e+00,9.85163271706517962301e-01
3.66000000000000014211e+00,9.85669259544635911752e-01
3.66500000000000003553e+00,9.86183951430156469087e-01
3.66999999999999992895e+00,9.86706719620206285093e-01
3.67500000000000026645e+00,9.87236936934045683500e-01
3.68000000000000015987e+00,9.87773977282305315484e-01
3.68500000000000005329e+00,9.88317216177082014106e-01
3.68999999999999994671e+00,9.88866031241365073257e-01
3.69500000000000028422e+00,9.89419802699191608397e-01
3.70000000000000017764e+00,9.89977913864799274890e-01
3.70500000000000007105e+00,9.90539751612635521738e-01
3.70999999999999996447e+00,9.91104706846085203864e-01
3.71499999999999985789e+00,9.91672174947021201064e-01
3.72000000000000019540e+00,9.92241556223853460317e-01
3.72500000000000008882e+00,9.92812256340615206796e-01
3.72999999999999998224e+00,9.93383686744372051969e-01
3.73499999999999987566e+00,9.93955265073721894176e-01
3.74000000000000021316e+00,9.94526415565489374515e-01
3.74500000000000010658e+00,9.95096569442805667371e-01
3.75000000000000000000e+00,9.95665165301295562728e-01
3.75499999999999989342e+00,9.96231649476773784002e-01
3.76000000000000023093e+00,9.96795476411003411599e-01
3.76500000000000012434e+00,9.97356108999322144015e-01
3.77000000000000001776e+00,9.97913018936319229368e-01
3.77499999999999991118e+00,9.98465687043560867764e-01
3.78000000000000024869e+00,9.99013603595390931034e-01
3.78500000000000014211e+00,9.99556268627192934240e-01
3.79000000000000003553e+00,1.00009319224177417595e+00
3.79499999999999992895e+00,1.00062389489844028034e+00
3.80000000000000026645e+00,1.00114790770027517475e+00
3.80500000000000015987e+00,1.00166477266455977713e+00
3.81000000000000005329e+00,1.00217404299149803748e+00
3.81499999999999994671e+00,1.00267528331634570016e+00
3.82000000000000028422e+00,1.00316806995997298557e+00
3.82500000000000017764e+00,1.00365199116331105245e+00
3.83000000000000007105e+00,1.00412664732037359983e+00
3.83499999999999996447e+00,1.00459165119545246192e+00
3.83999999999999985789e+00,1.00504662813904954710e+00
3.84500000000000019540e+00,1.00549121628848947552e+00
3.85000000000000008882e+00,1.00592506676743553840e+00
3.85499999999999998224e+00,1.00634784387040054909e+00
3.85999999999999987566e+00,1.00675922524634553490e+00
3.86500000000000021316e+00,1.00715890206779512539e+00
3.87000000000000010658e+00,1.00754657919923484855e+00
3.87500000000000000000e+00,1.00792197535134775421e+00
3.87999999999999989342e+00,1.00828482323473922477e+00
3.88500000000000023093e+00,1.00863486970003179977e+00
3.89000000000000012434e+00,1.00897187587766090644e+00
3.89500000000000001776e+00,1.00929561730436745393e+00
3.89999999999999991118e+00,1.00960588404961737474e+00
3.90500000000000024869e+00,1.00990248082924782835e+00
3.91000000000000014211e+00,1.01018522711926861390e+00
3.91500000000000003553e+00,1.01045395725722197966e+00
3.91999999999999992895e+00,1.01070852054392812391e+00
3.92500000000000026645e+00,1.01094878133332777281e+00
3.93000000000000015987e+00,1.01117461912294448467e+00
3.93500000000000005329e+00,1.01138592863277154699e+00
3.93999999999999994671e+00,1.01158261988502395923e+00
3.94500000000000028422e+00,1.01176461827284813744e+00
3.95000000000000017764e+00,1.01193186463013518051e+00
3.95500000000000007105e+00,1.01208431529062359289e+00
3.95999999999999996447e+00,1.01222194214834937398e+00
3.96500000000000030198e+00,1.01234473270791847099e+00
3.97000000000000019540e+00,1.01245269013636995936e+00
3.97500000000000008882e+00,1.01254583330518821427e+00
3.97999999999999998224e+00,1.01262419683415183513e+00
3.98499999999999987566e+00,1.01268783112586691075e+00
3.99000000000000021316e+00,1.01273680240236707562e+00
3.99500000000000010658e+00,1.01277119273275295619e+00
4.00000000000000000000e+00,1.01279110006306627412e+00
4.00499999999999989342e+00,1.01279663823801424627e+00
4.00999999999999978684e+00,1.01278793702019553891e+00
4.01499999999999968026e+00,1.01276514206466483614e+00
4.02000000000000046185e+00,1.01272841483109865557e+00
4.02500000000000035527e+00,1.01267793242316339608e+00
4.03000000000000024869e+00,1.01261388737189639286e+00
4.03500000000000014211e+00,1.01253648735778289947e+00
4.04000000000000003553e+00,1.01244595488727173738e+00
4.04499999999999992895e+00,1.01234252691818094050e+00
4.04999999999999982236e+00,1.01222645444886372168e+00
4.05499999999999971578e+00,1.01209800206512712251e+00
4.06000000000000049738e+00,1.01195744745919702368e+00
4.06500000000000039080e+00,1.01180508091449072872e+00
4.07000000000000028422e+00,1.01164120476976782115e+00
4.07500000000000017764e+00,1.01146613285602571253e+00
4.08000000000000007105e+00,1.01128018991924295555e+00
4.08499999999999996447e+00,1.01108371102217908799e+00
4.08999999999999985789e+00,1.01087704093769881197e+00
4.09499999999999975131e+00,1.01066053352650353503e+00
4.09999999999999964473e+00,1.01043455111135216384e+00
4.10500000000000042633e+00,1.01019946384055891997e+00
4.11000000000000031974e+00,1.00995564905229162633e+00
4.11500000000000021316e+00,1.00970349063218711727e+00
4.12000000000000010658e+00,1.00944337837549347192e+00
4.12500000000000000000e+00,1.00917570734621464545e+00
4.12999999999999989342e+00,1.00890087724396870783e+00
4.13499999999999978684e+00,1.00861929177082476627e+00
4.13999999999999968026e+00,1.00833135800856288355e+00
4.14500000000000046185e+00,1.00803748579863627910e+00
4.15000000000000035527e+00,1.00773808713483870036e+00
4.15500000000000024869e+00,1.00743357556077928194e+00
4.16000000000000014211e+00,1.00712436558196305469e+00
4.16500000000000003553e+00,1.00681087208463004856e+00
4.16999999999999992895e+00,1.00649350977075391356e+00
4.17499999999999982236e+00,1.00617269260121622310e+00
4.17999999999999971578e+00,1.00584883325639795615e+00
4.18500000000000049738e+00,1.00552234260628781115e+00
4.19000000000000039080e+00,1.00519362919898558317e+00
4.19500000000000028422e+00,1.00486309875960433402e+00
4.20000000000000017764e+00,1.00453115370832413156e+00
4.20500000000000007105e+00,1.00419819268970167414e+00
4.20999999999999996447e+00,1.00386461012167615969e+00
4.21499999999999985789e+00,1.00353079575629466902e+00
4.21999999999999975131e+00,1.00319713426049839100e+00
4.22499999999999964473e+00,1.00286400480912796240e+00
4.23000000000000042633e+00,1.00253178069819526286e+00
4.23500000000000031974e+00,1.00220082897051865345e+00
4.24000000000000021316e+00,1.00187151006170127587e+00
4.24500000000000010658e+00,1.00154417745869306344e+00
4.25000000000000000000e+00,1.00121917737865251397e+00
4.25499999999999989342e+00,1.00089684846029647325e+00
4.25999999999999978684e+00,1.00057752147540890419e+00
4.26499999999999968026e+00,1.00026151905285454191e+00
4.27000000000000046185e+00,9.99949155422518942693e-01
4.27500000000000035527e+00,9.99640736171482746641e-01
4.28000000000000024869e+00,9.99336558019821463716e-01
4.28500000000000014211e+00,9.99036908608505802576e-01
4.29000000000000003553e+00,9.98742066306555931199e-01
4.29499999999999992895e+00,9.98452300029899264544e-01
4.29999999999999982236e+00,9.98167869079063962978e-01
4.30499999999999971578e+00,9.97889022988329599251e-01
4.31000000000000049738e+00,9.97616001393246687456e-01
4.31500000000000039080e+00,9.97349033909119331298e-01
4.32000000000000028422e+00,9.97088340027355801709e-01
4.32500000000000017764e+00,9.96834129022456272295e-01
4.33000000000000007105e+00,9.96586599876328360637e-01
4.33499999999999996447e+00,9.96345941212680719090e-01
4.33999999999999985789e+00,9.96112331248181215315e-01
4.34499999999999975131e+00,9.95885937753310024334e-01
4.35000000000000053291e+00,9.95666918029388003930e-01
4.35500000000000042633e+00,9.95455418894689469944e-01
4.36000000000000031974e+00,9.95251576686126959714e-01
4.36500000000000021316e+00,9.95055517269595179997e-01
4.37000000000000010658e+00,9.94867356065264107912e-01
4.37500000000000000000e+00,9.94687198080883350215e-01
4.37999999999999989342e+00,9.94515137959405715051e-01
4.38499999999999978684e+00,9.94351260034169071034e-01
4.38999999999999968026e+00,9.94195638397748271409e-01
4.39500000000000046185e+00,9.94048336977697788441e-01
4.40000000000000035527e+00,9.93909409625315154457e-01
4.40500000000000024869e+00,9.93778900210821491967e-01
4.41000000000000014211e+00,9.93656842730903488992e-01
4.41500000000000003553e+00,9.93543261421990342441e-01
4.41999999999999992895e+00,9.93438170885230897866e-01
4.42499999999999982236e+00,9.93341576216725141713e-01
4.42999999999999971578e+00,9.93253473148791643510e-01
4.43500000000000049738e+00,9.93173848195798569805e-01
4.44000000000000039080e+00,9.93102678810371397589e-01
4.44500000000000028422e+00,9.93039933543680031214e-01
4.45000000000000017764e+00,9.92985572215438816457e-01
4.45500000000000007105e+00,9.92939546087300950461e-01
4.45999999999999996447e+00,9.92901798045310091112e-01
4.46499999999999985789e+00,9.92872262785266856966e-01
4.46999999999999975131e+00,9.92850867006500825696e-01
4.47500000000000053291e+00,9.92837529607878521709e-01
4.48000000000000042633e+00,9.92832161891575193380e-01
4.48500000000000031974e+00,9.92834667768617173955e-01
4.49000000000000021316e+00,9.92844943971549653838e-01
4.49500000000000010658e+00,9.92862880268213565671e-01
4.50000000000000000000e+00,9.92888359682025822828e-01
4.50499999999999989342e+00,9.92921258712921250833e-01
4.50999999999999978684e+00,9.92961447564183252723e-01
4.51499999999999968026e+00,9.93008790369295901712e-01
4.52000000000000046185e+00,9.93063145424089466218e-01
4.52500000000000035527e+00,9.93124365418484256196e-01
4.53000000000000024869e+00,9.93192297672942148168e-01
4.53500000000000014211e+00,9.93266784373904254579e-01
4.54000000000000003553e+00,9.93347662813372389579e-01
4.54499999999999992895e+00,9.93434765627083438133e-01
4.54999999999999982236e+00,9.93527921036277517075e-01
4.55499999999999971578e+00,9.93626953087478503868e-01
4.56000000000000049738e+00,9.93731681895340335231e-01
4.56500000000000039080e+00,9.93841923883150180075e-01
4.57000000000000028422e+00,9.93957492025881683695e-01
4.57500000000000017764e+00,9.94078196090367072202e-01
4.58000000000000007105e+00,9.94203842877527943500e-01
4.58499999999999996447e+00,9.94334236461408838004e-01
4.58999999999999985789e+00,9.94469178429798983387e-01
4.59499999999999975131e+00,9.94608468121154887243e-01
4.60000000000000053291e+00,9.94751902862666570471e-01
4.60500000000000042633e+00,9.94899278204349868382e-01
4.61000000000000031974e+00,9.95050388153855824847e-01
4.61500000000000021316e+00,9.95205025406847187952e-01
4.62000000000000010658e+00,9.95362981577693539670e-01
4.62500000000000000000e+00,9.95524047425503599840e-01
4.62999999999999989342e+00,9.95688013080093359264e-01
4.63499999999999978684e+00,9.95854668262878162110e-01
4.63999999999999968026e+00,9.96023802507350453084e-01
4.64500000000000046185e+00,9.96195205374291958833e-01
4.65000000000000035527e+00,9.96368666666240243579e-01
4.65500000000000024869e+00,9.96543976636319772666e-01
4.66000000000000014211e+00,9.96720926196020262644e-01
4.66500000000000003553e+00,9.96899307117201316508e-01
4.66999999999999992895e+00,9.97078912232753689082e-01
4.67499999999999982236e+00,9.97259535631164650837e-01
4.67999999999999971578e+00,9.97440972849478413309e-01
4.68500000000000049738e+00,9.97623021060064174570e-01
4.69000000000000039080e+00,9.97805479255537419725e-01
4.69500000000000028422e+00,9.97988148427206178681e-01
4.70000000000000017764e+00,9.98170831741456598962e-01
4.70500000000000007105e+00,9.98353334709607076469e-01
4.70999999999999996447e+00,9.98535465355504303631e-01
4.71499999999999985789e+00,9.98717034376348067326e-01
4.71999999999999975131e+00,9.98897855301082993051e-01
4.72500000000000053291e+00,9.99077744642006160269e-01
4.73000000000000042633e+00,9.99256522043783013132e-01
4.73500000000000031974e+00,9.99434010425479857354e-01
4.74000000000000021316e+00,9.99610036119869871385e-01
4.74500000000000010658e+00,9.99784429005778463306e-01
4.75000000000000000000e+00,9.99957022637584347358e-01
4.75499999999999989342e+00,1.00012765436759498705e+00
4.75999999999999978684e+00,1.00029616546548028033e+00
4.76499999999999968026e+00,1.00046240123064045235e+00
4.77000000000000046185e+00,1.00062621110154514881e+00
4.77500000000000035527e+00,1.00078744875787939428e+00
4.78000000000000024869e+00,1.00094597221959613620e+00
4.78500000000000014211e+00,1.00110164393886380552e+00
4.79000000000000003553e+00,1.00125433088887172417e+00
4.79499999999999992895e+00,1.00140390464542683446e+00
4.79999999999999982236e+00,1.00155024146537696694e+00
4.80499999999999971578e+00,1.00169322235794577836e+00
4.81000000000000049738e+00,1.00183273315286580640e+00
4.81500000000000039080e+00,1.00196866456135458279e+00
4.82000000000000028422e+00,1.00210091223388220172e+00
4.82500000000000017764e+00,1.00222937681092139073e+00
4.83000000000000007105e+00,1.00235396397049814077e+00
4.83499999999999996447e+00,1.00247458446866888337e+00
4.83999999999999985789e+00,1.00259115417681909932e+00
4.84499999999999975131e+00,1.00270359411205545186e+00
4.85000000000000053291e+00,1.00281183046443933549e+00
4.85500000000000042633e+00,1.00291579461728908029e+00
4.86000000000000031974e+00,1.00301542316435954305e+00
4.86500000000000021316e+00,1.00311065792027642729e+00
4.87000000000000010658e+00,1.00320144592788951243e+00
4.87500000000000000000e+00,1.00328773945886884356e+00
4.87999999999999989342e+00,1.00336949601127978227e+00
4.88499999999999978684e+00,1.00344667830059530722e+00
4.88999999999999968026e+00,1.00351925424774934825e+00
4.89500000000000046185e+00,1.00358719696063092286e+00
4.90000000000000035527e+00,1.00365048471268702990e+00
4.90500000000000024869e+00,1.00370910091518172891e+00
4.91000000000000014211e+00,1.00376303408663503092e+00
4.91500000000000003553e+00,1.00381227781593107551e+00
4.91999999999999992895e+00,1.00385683072269182858e+00
4.92499999999999982236e+00,1.00389669641153567170e+00
4.92999999999999971578e+00,1.00393188342369210631e+00
4.93500000000000049738e+00,1.00396240518252000129e+00
4.94000000000000039080e+00,1.00398827993647143941e+00
4.94500000000000028422e+00,1.00400953069619158775e+00
4.95000000000000017764e+00,1.00402618516915498326e+00
4.95500000000000007105e+00,1.00403827568846315543e+00
4.95999999999999996447e+00,1.00404583913927858418e+00
4.96499999999999985789e+00,1.00404891687965402980e+00
4.96999999999999975131e+00,1.00404755465909301115e+00
4.97500000000000053291e+00,1.00404180253153807456e+00
4.98000000000000042633e+00,1.00403171476619057501e+00
4.98500000000000031974e+00,1.00401734975299783414e+00
4.99000000000000021316e+00,1.00399876990606706784e+00
4.99500000000000010658e+00,1.00397604156177910895e+00
5.00000000000000000000e+00,1.00394923487493614722e+00
5.00499999999999989342e+00,1.00391842370984152311e+00
5.00999999999999978684e+00,1.00388368552951545709e+00
5.01499999999999968026e+00,1.00384510127987436334e+00
5.02000000000000046185e+00,1.00380275527216777931e+00
5.02500000000000035527e+00,1.00375673506066398488e+00
5.03000000000000024869e+00,1.00370713131878508406e+00
5.03500000000000014211e+00,1.00365403771065864191e+00
5.04000000000000003553e+00,1.00359755076138945640e+00
5.04499999999999992895e+00,1.00353776972318753380e+00
5.04999999999999982236e+00,1.00347479644054216052e+00
5.05499999999999971578e+00,1.00340873521153817194e+00
5.06000000000000049738e+00,1.00333969264859246273e+00
5.06500000000000039080e+00,1.00326777753585982822e+00
5.07000000000000028422e+00,1.00319310068646294631e+00
5.07500000000000017764e+00,1.00311577479673230684e+00
5.08000000000000007105e+00,1.00303591430070171420e+00
5.08499999999999996447e+00,1.00295363522217684249e+00
5.08999999999999985789e+00,1.00286905502749057462e+00
5.09499999999999975131e+00,1.00278229247619443676e+00
5.10000000000000053291e+00,1.00269346747287979582e+00
5.10500000000000042633e+00,1.00260270091749759125e+00
5.11000000000000031974e+00,1.00251011455723704202e+00
5.11500000000000021316e+00,1.00241583083725749326e+00
5.12000000000000010658e+00,1.00231997275340023457e+00
5.12500000000000000000e+00,1.00222266370429657911e+00
5.12999999999999989342e+00,1.00212402734585825925e+00
5.13499999999999978684e+00,1.00202418744548316099e+00
5.13999999999999968026e+00,1.00192326773903195303e+00
5.14500000000000046185e+00,1.00182139178802254165e+00
5.15000000000000035527e+00,1.00171868283995202376e+00
5.15500000000000024869e+00,1.00161526368911424356e+00
5.16000000000000014211e+00,1.00151125654088213324e+00
5.16500000000000003553e+00,1.00140678287693596360e+00
5.16999999999999992895e+00,1.00130196332426590899e+00
5.17499999999999982236e+00,1.00119691752534079043e+00
5.17999999999999971578e+00,1.00109176401233135323e+00
5.18500000000000049738e+00,1.00098662008289984726e+00
5.19000000000000039080e+00,1.00088160168029105535e+00
5.19500000000000028422e+00,1.00077682327515260496e+00
5.20000000000000017764e+00,1.00067239775188410178e+00
5.20500000000000007105e+00,1.00056843629704861343e+00
5.20999999999999996447e+00,1.00046504829251015067e+00
5.21499999999999985789e+00,1.00036234121073430714e+00
5.21999999999999975131e+00,1.00026042051498142982e+00
5.22500000000000053291e+00,1.00015938956194316845e+00
5.23000000000000042633e+00,1.00005934950940988948e+00
5.23500000000000031974e+00,9.99960399226422547159e-01
5.24000000000000021316e+00,9.99862635208570216250e-01
5.24500000000000010658e+00,9.99766151495997013043e-01
5.25000000000000000000e+00,9.99671039596632393653e-01
5.25499999999999989342e+00,9.99577388412125733552e-01
5.25999999999999978684e+00,9.99485284169063570303e-01
5.26499999999999968026e+00,9.99394810353062990060e-01
5.27000000000000046185e+00,9.99306047648177098175e-01
5.27500000000000035527e+00,9.99219073879121011394e-01
5.28000000000000024869e+00,9.99133963958821813556e-01
5.28500000000000014211e+00,9.99050789838911823537e-01
5.29000000000000003553e+00,9.98969620465532170961e-01
5.29499999999999992895e+00,9.98890521737976655459e-01
5.29999999999999982236e+00,9.98813556472615493576e-01
5.30499999999999971578e+00,9.98738784369740395519e-01
5.31000000000000049738e+00,9.98666261985633796350e-01
5.31500000000000039080e+00,9.98596042707416975404e-01
5.32000000000000028422e+00,9.98528176733053385306e-01
5.32500000000000017764e+00,9.98462711054175944270e-01
5.33000000000000007105e+00,9.98399689443975946190e-01
5.33499999999999996447e+00,9.98339152447739075491e-01
5.33999999999999985789e+00,9.98281137378342897648e-01
5.34499999999999975131e+00,9.98225678314410780345e-01
5.35000000000000053291e+00,9.98172806103306164971e-01
5.35500000000000042633e+00,9.98122548366576101131e-01
5.36000000000000031974e+00,9.98074929510104125185e-01
5.36500000000000021316e+00,9.98029970736697191747e-01
5.37000000000000010658e+00,9.97987690063234289539e-01
5.37500000000000000000e+00,9.97948102340016740541e-01
5.37999999999999989342e+00,9.97911219274526084533e-01
5.38499999999999978684e+00,9.97877049457346565475e-01
5.38999999999999968026e+00,9.97845598392325339177e-01
5.39500000000000046185e+00,9.97816868528645262160e-01
5.40000000000000035527e+00,9.97790859296963872360e-01
5.40500000000000024869e+00,9.97767567147407774542e-01
5.41000000000000014211e+00,9.97746985591449142561e-01
5.41500000000000003553e+00,9.97729105245369618515e-01
5.41999999999999992895e+00,9.97713913877418590026e-01
5.42499999999999982236e+00,9.97701396456491140796e-01
5.42999999999999971578e+00,9.97691535204304313922e-01
5.43500000000000049738e+00,9.97684309648809941606e-01
5.44000000000000039080e+00,9.97679696680913608020e-01
5.44500000000000028422e+00,9.97677670612349798418e-01
5.45000000000000017764e+00,9.97678203236657901165e-01
5.45500000000000007105e+00,9.97681263891030178925e-01
5.45999999999999996447e+00,9.97686819521056422744e-01
5.46499999999999985789e+00,9.97694834746257530611e-01
5.46999999999999975131e+00,9.97705271928307380058e-01
5.47500000000000053291e+00,9.97718091239753634980e-01
5.48000000000000042633e+00,9.97733250735223231587e-01
5.48500000000000031974e+00,9.97750706423040201187e-01
5.49000000000000021316e+00,9.97770412339120560397e-01
5.49500000000000010658e+00,9.97792320620989547919e-01
5.50000000000000000000e+00,9.97816381583873424077e-01
5.50499999999999989342e+00,9.97842543796828795877e-01
5.50999999999999978684e+00,9.97870754160742445826e-01
5.51499999999999968026e+00,9.97900957986081471596e-01
5.52000000000000046185e+00,9.97933099072315865641e-01
5.52500000000000035527e+00,9.97967119787012690857e-01
5.53000000000000024869e+00,9.98002961146402967074e-01
5.53500000000000014211e+00,9.98040562895339933291e-01
5.54000000000000003553e+00,9.98079863588539284436e-01
5.54499999999999992895e+00,9.98120800671140395721e-01
5.54999999999999982236e+00,9.98163310560357119883e-01
5.55499999999999971578e+00,9.98207328726178233502e-01
5.56000000000000049738e+00,9.98252789772978932348e-01
5.56500000000000039080e+00,9.98299627520117693891e-01
5.57000000000000028422e+00,9.98347775083264998841e-01
5.57500000000000017764e+00,9.98397164954458515851e-01
5.58000000000000007105e+00,9.98447729082719837024e-01
5.58499999999999996447e+00,9.98499398953348382690e-01
5.58999999999999985789e+00,9.98552105667609879447e-01
5.59499999999999975131e+00,9.98605780020854538748e-01
5.60000000000000053291e+00,9.98660352580875043671e-01
5.60500000000000042633e+00,9.98715753764657931946e-01
5.61000000000000031974e+00,9.98771913915222020464e-01
5.61500000000000021316e+00,9.98828763376617079217e-01
5.62000000000000010658e+00,9.98886232568870546800e-01
5.62500000000000000000e+00,9.98944252061072623938e-01
5.62999999999999989342e+00,9.99002752644271074800e-01
5.63499999999999978684e+00,9.99061665402289911242e-01
5.63999999999999968026e+00,9.99120921782232329633e-01
5.64500000000000046185e+00,9.99180453662901646439e-01
5.65000000000000035527e+00,9.99240193422787581490e-01
5.65500000000000024869e+00,9.99300074005768035335e-01
5.66000000000000014211e+00,9.99360028986269965934e-01
5.66500000000000003553e+00,9.99419992632157971890e-01
5.66999999999999992895e+00,9.99479899966976725878e-01
5.67499999999999982236e+00,9.99539686829738593943e-01
5.67999999999999971578e+00,9.99599289933974732847e-01
5.68500000000000049738e+00,9.99658646924359350905e-01
5.69000000000000039080e+00,9.99717696432512292759e-01
5.69500000000000028422e+00,9.99776378130206699879e-01
5.70000000000000017764e+00,9.99834632781683829705e-01
5.70500000000000007105e+00,9.99892402293418247616e-01
5.70999999999999996447e+00,9.99949629762919456333e-01
5.71499999999999985789e+00,1.00000625952483623848e+00
5.71999999999999975131e+00,1.00006223719604236955e+00
5.72500000000000053291e+00,1.00011750971808455191e+00
5.73000000000000042633e+00,1.00017202539856375765e+00
5.73500000000000031974e+00,1.00022573394974356731e+00
5.74000000000000021316e+00,1.00027858652605239342e+00
5.74500000000000010658e+00,1.00033053575889496756e+00
5.75000000000000000000e+00,1.00038153579031963147e+00
5.75499999999999989342e+00,1.00043154230387898451e+00
5.75999999999999978684e+00,1.00048051255432524087e+00
5.76499999999999968026e+00,1.00052840539459153568e+00
5.77000000000000046185e+00,1.00057518130159084357e+00
5.77500000000000035527e+00,1.00062080239919892755e+00
5.78000000000000024869e+00,1.00066523248004779489e+00
5.78500000000000014211e+00,1.00070843702461442781e+00
5.79000000000000003553e+00,1.00075038321911402583e+00
5.79499999999999992895e+00,1.00079103997060325781e+00
5.79999999999999982236e+00,1.00083037792089779572e+00
5.80499999999999971578e+00,1.00086836945782065023e+00
5.81000000000000049738e+00,1.00090498872527744467e+00
5.81500000000000039080e+00,1.00094021163058899404e+00
5.82000000000000028422e+00,1.00097401585067302676e+00
5.82500000000000017764e+00,1.00100638083562065717e+00
5.83000000000000007105e+00,1.00103728781114575952e+00
5.83499999999999996447e+00,1.00106671977836736431e+00
5.83999999999999985789e+00,1.00109466151250225963e+00
5.84499999999999975131e+00,1.00112109955903916259e+00
5.85000000000000053291e+00,1.00114602222885729077e+00
5.85500000000000042633e+00,1.00116941959078165070e+00
5.86000000000000031974e+00,1.00119128346312447064e+00
5.86500000000000021316e+00,1.00121160740282788559e+00
5.87000000000000010658e+00,1.00123038669363761954e+00
5.87500000000000000000e+00,1.00124761833183972826e+00
5.87999999999999989342e+00,1.00126330101108740323e+00
5.88499999999999978684e+00,1.00127743510495870183e+00
5.88999999999999968026e+00,1.00129002264866207028e+00
5.89500000000000046185e+00,1.00130106731844370493e+00
5.90000000000000035527e+00,1.00131057441021020793e+00
5.90500000000000024869e+00,1.00131855081603049484e+00
5.91000000000000014211e+00,1.00132500499992005416e+00
5.91500000000000003553e+00,1.00132994697148292040e+00
5.91999999999999992895e+00,1.00133338825890927382e+00
5.92499999999999982236e+00,1.00133534188001993570e+00
5.92999999999999971578e+00,1.00133582231273798868e+00
5.93500000000000049738e+00,1.00133484546359352585e+00
5.94000000000000039080e+00,1.00133242863573768133e+00
5.94500000000000028422e+00,1.00132859049518185834e+00
5.95000000000000017764e+00,1.00132335103662661879e+00
5.95500000000000007105e+00,1.00131673154750799881e+00
5.95999999999999996447e+00,1.00130875457171919507e+00
5.96499999999999985789e+00,1.00129944387175084941e+00
5.96999999999999975131e+00,1.00128882439058797260e+00
5.97500000000000053291e+00,1.00127692221202613254e+00
5.98000000000000042633e+00,1.00126376452083354351e+00
5.98500000000000031974e+00,1.00124937956153514662e+00
5.99000000000000021316e+00,1.00123379659713584999e+00
5.99500000000000010658e+00,1.00121704586645954294e+00
6.00000000000000000000e+00,1.00119915854152763401e+00
6.00499999999999989342e+00,1.00118016668376119682e+00
6.00999999999999978684e+00,1.00116010320030879299e+00
6.01500000000000056843e+00,1.00113900179920634059e+00
6.02000000000000046185e+00,1.00111689694476080348e+00
6.02500000000000035527e+00,1.00109382381197242751e+00
6.03000000000000024869e+00,1.00106981824127583280e+00
6.03500000000000014211e+00,1.00104491669232720241e+00
6.04000000000000003553e+00,1.00101915619820847070e+00
6.04499999999999992895e+00,1.00099257431888766234e+00
6.04999999999999982236e+00,1.00096520909519370868e+00
6.05499999999999971578e+00,1.00093709900204896890e+00
6.06000000000000049738e+00,1.00090828290232125575e+00
6.06500000000000039080e+00,1.00087880000014051163e+00
6.07000000000000028422e+00,1.00084868979492846996e+00
6.07500000000000017764e+00,1.00081799203489962835e+00
6.08000000000000007105e+00,1.00078674667137113019e+00
6.08499999999999996447e+00,1.00075499381274979349e+00
6.08999999999999985789e+00,1.00072277367942241710e+00
6.09499999999999975131e+00,1.00069012655832056957e+00
6.10000000000000053291e+00,1.00065709275848124804e+00
6.10500000000000042633e+00,1.00062371256648741102e+00
6.11000000000000031974e+00,1.00059002620298631570e+00
6.11500000000000021316e+00,1.00055607377908106770e+00
6.12000000000000010658e+00,1.00052189525389056968e+00
6.12500000000000000000e+00,1.00048753039217408478e+00
6.12999999999999989342e+00,1.00045301872320080427e+00
6.13499999999999978684e+00,1.00041839949967226175e+00
6.14000000000000056843e+00,1.00038371165796702300e+00
6.14500000000000046185e+00,1.00034899377862274150e+00
6.15000000000000035527e+00,1.00031428404820865730e+00
6.15500000000000024869e+00,1.00027962022141148068e+00
6.16000000000000014211e+00,1.00024503958458033104e+00
6.16500000000000003553e+00,1.00021057891965692299e+00
6.16999999999999992895e+00,1.00017627446962587001e+00
6.17499999999999982236e+00,1.00014216190431159959e+00
6.17999999999999971578e+00,1.00010827628775311737e+00
6.18500000000000049738e+00,1.00007465204608814169e+00
6.19000000000000039080e+00,1.00004132293705949586e+00
6.19500000000000028422e+00,1.00000832201998468562e+00
6.20000000000000017764e+00,9.99975681627390589057e-01
6.20500000000000007105e+00,9.99943433337261766702e-01
6.20999999999999996447e+00,9.99911607946988301165e-01
6.21499999999999985789e+00,9.99880235447863863207e-01
6.21999999999999975131e+00,9.99849345001317613146e-01
6.22500000000000053291e+00,9.99818964915832886220e-01
6.23000000000000042633e+00,9.99789122625618587037e-01
6.23500000000000031974e+00,9.99759844669895536562e-01
6.24000000000000021316e+00,9.99731156673954401981e-01
6.24500000000000010658e+00,9.99703083330951924879e-01
6.25000000000000000000e+00,9.99675648385486725900e-01
6.25499999999999989342e+00,9.99648874617828031575e-01
6.25999999999999978684e+00,9.99622783829929861810e-01
6.26500000000000056843e+00,9.99597396832209161843e-01
6.27000000000000046185e+00,9.99572733432106508289e-01
6.27500000000000035527e+00,9.99548812423310506503e-01
6.28000000000000024869e+00,9.99525651576760765238e-01
6.28500000000000014211e+00,9.99503267632413705535e-01
6.29000000000000003553e+00,9.99481676292770293557e-01
6.29499999999999992895e+00,9.99460892217057028653e-01
6.29999999999999982236e+00,9.99440929017152090985e-01
6.30499999999999971578e+00,9.99421799254253784284e-01
6.31000000000000049738e+00,9.99403514437267159742e-01
6.31500000000000039080e+00,9.99386085021810366413e-01
6.32000000000000028422e+00,9.99369520410913980690e-01
6.32500000000000017764e+00,9.99353828956418333007e-01
6.33000000000000007105e+00,9.99339017962027287290e-01
6.33499999999999996447e+00,9.99325093686927901082e-01
6.33999999999999985789e+00,9.99312061351031566403e-01
6.34499999999999975131e+00,9.99299925140850975325e-01
6.35000000000000053291e+00,9.99288688216952047938e-01
6.35500000000000042633e+00,9.99278352721902463074e-01
6.36000000000000031974e+00,9.99268919789751741689e-01
6.36500000000000021316e+00,9.99260389556069772432e-01
6.37000000000000010658e+00,9.99252761169462933033e-01
6.37500000000000000000e+00,9.99246032803502437503e-01
6.37999999999999989342e+00,9.99240201670080541163e-01
6.38499999999999978684e+00,9.99235264033232262193e-01
6.39000000000000056843e+00,9.99231215224327229407e-01
6.39500000000000046185e+00,9.99228049657574057818e-01
6.40000000000000035527e+00,9.99225760846838784168e-01
6.40500000000000024869e+00,9.99224341422825013126e-01
6.41000000000000014211e+00,9.99223783151504951761e-01
6.41500000000000003553e+00,9.99224076952754725056e-01
6.41999999999999992895e+00,9.99225212920179850506e-01
6.42499999999999982236e+00,9.99227180341191401070e-01
6.42999999999999971578e+00,9.99229967718204492577e-01
6.43500000000000049738e+00,9.99233562789926921255e-01
6.44000000000000039080e+00,9.99237952553706954006e-01
6.44500000000000028422e+00,9.99243123288015233641e-01
6.45000000000000017764e+00,9.99249060575914560545e-01
6.45500000000000007105e+00,9.99255749328502140827e-01
6.45999999999999996447e+00,9.99263173809275873083e-01
6.46499999999999985789e+00,9.99271317658512847615e-01
6.46999999999999975131e+00,9.99280163918503161469e-01
6.47500000000000053291e+00,9.99289695058631077806e-01
6.48000000000000042633e+00,9.99299893001246886115e-01
6.48500000000000031974e+00,9.99310739147428739315e-01
6.49000000000000021316e+00,9.99322214403463138233e-01
6.49500000000000010658e+00,9.99334299207053078362e-01
6.50000000000000000000e+00,9.99346973554181117194e-01
6.50499999999999989342e+00,9.99360217025741182084e-01
6.50999999999999978684e+00,9.99374008814757130992e-01
6.51500000000000056843e+00,9.99388327753209626536e-01
6.52000000000000046185e+00,9.99403152339384703851e-01
6.52500000000000035527e+00,9.99418460764876392943e-01
6.53000000000000024869e+00,9.99434230942045864765e-01
6.53500000000000014211e+00,9.99450440530972206155e-01
6.54000000000000003553e+00,9.99467066966802875072e-01
6.54499999999999992895e+00,9.99484087486642303055e-01
6.54999999999999982236e+00,9.99501479156776007073e-01
6.55499999999999971578e+00,9.99519218899277195334e-01
6.56000000000000049738e+00,9.99537283518894037471e-01
6.56500000000000039080e+00,9.99555649729370387924e-01
6.57000000000000028422e+00,9.99574294179985223252e-01
6.57500000000000017764e+00,9.99593193481376651732e-01
6.58000000000000007105e+00,9.99612324231532678454e-01
6.58499999999999996447e+00,9.99631663041120388513e-01
6.58999999999999985789e+00,9.99651186558929927273e-01
6.59499999999999975131e+00,9.99670871496507018605e-01
6.60000000000000053291e+00,9.99690694652854761060e-01
6.60500000000000042633e+00,9.99710632938386467572e-01
6.61000000000000031974e+00,9.99730663398895602612e-01
6.61500000000000021316e+00,9.99750763238636652730e-01
6.62000000000000010658e+00,9.99770909843381572202e-01
6.62500000000000000000e+00,9.99791080802653553405e-01
6.62999999999999989342e+00,9.99811253931893184621e-01
6.63499999999999978684e+00,9.99831407293663820823e-01
6.64000000000000056843e+00,9.99851519218757589513e-01
6.64500000000000046185e+00,9.99871568326410331551e-01
6.65000000000000035527e+00,9.99891533544379318421e-01
6.65500000000000024869e+00,9.99911394128001451698e-01
6.66000000000000014211e+00,9.99931129679084707007e-01
6.66500000000000003553e+00,9.99950720163857664780e-01
6.66999999999999992895e+00,9.99970145930721865390e-01
6.67499999999999982236e+00,9.99989387726937906109e-01
6.67999999999999971578e+00,1.00000842671509126980e+00
6.68500000000000049738e+00,1.00002724448857760464e+00
6.69000000000000039080e+00,1.00004582308684186742e+00
6.69500000000000028422e+00,1.00006414500951978930e+00
6.70000000000000017764e+00,1.00008219323031566361e+00
6.70500000000000007105e+00,1.00009995120987582595e+00
6.70999999999999996447e+00,1.00011740290837769507e+00
6.71499999999999985789e+00,1.00013453279700259557e+00
6.71999999999999975131e+00,1.00015132586911659196e+00
6.72500000000000053291e+00,1.00016776765043080566e+00
6.73000000000000042633e+00,1.00018384420885708685e+00
6.73500000000000031974e+00,1.00019954216323680996e+00
6.74000000000000021316e+00,1.00021484869176457977e+00
6.74500000000000010658e+00,1.00022975153938498138e+00
6.75000000000000000000e+00,1.00024423902487891169e+00
6.75499999999999989342e+00,1.00025830004682303453e+00
6.75999999999999978684e+00,1.00027192408924170408e+00
6.76500000000000056843e+00,1.00028510122624192391e+00
6.77000000000000046185e+00,1.00029782212633633343e+00
6.77500000000000035527e+00,1.00031007805565819169e+00
6.78000000000000024869e+00,1.00032186088087282627e+00
6.78500000000000014211e+00,1.00033316307109387822e+00
6.79000000000000003553e+00,1.00034397769949867651e+00
6.79499999999999992895e+00,1.00035429844386447584e+00
6.79999999999999982236e+00,1.00036411958681359380e+00
6.80499999999999971578e+00,1.00037343601509909341e+00
6.81000000000000049738e+00,1.00038224321860935717e+00
6.81500000000000039080e+00,1.00039053728832794121e+00
6.82000000000000028422e+00,1.00039831491403430341e+00
6.82500000000000017764e+00,1.00040557338107793939e+00
6.83000000000000007105e+00,1.00041231056691160006e+00
6.83499999999999996447e+00,1.00041852493661576062e+00
6.83999999999999985789e+00,1.00042421553820748414e+00
6.84499999999999975131e+00,1.00042938199706488156e+00
6.85000000000000053291e+00,1.00043402451015506216e+00
6.85500000000000042633e+00,1.00043814383930462775e+00
6.86000000000000031974e+00,1.00044174130429475156e+00
6.86500000000000021316e+00,1.00044481877513424806e+00
6.87000000000000010658e+00,1.00044737866417676742e+00
6.87500000000000000000e+00,1.00044942391734448250e+00
6.87999999999999989342e+00,1.00045095800522343410e+00
6.88499999999999978684e+00,1.00045198491340081581e+00
6.89000000000000056843e+00,1.00045250913269923032e+00
6.89500000000000046185e+00,1.00045253564858027673e+00
6.90000000000000035527e+00,1.00045206993048019228e+00
6.90500000000000024869e+00,1.00045111792044938426e+00
6.91000000000000014211e+00,1.00044968602175043948e+00
6.91500000000000003553e+00,1.00044778108669296657e+00
6.91999999999999992895e+00,1.00044541040446199887e+00
6.92499999999999982236e+00,1.00044258168832000955e+00
6.92999999999999971578e+00,1.00043930306282957687e+00
6.93500000000000049738e+00,1.00043558305038771117e+00
6.94000000000000039080e+00,1.00043143055781191819e+00
6.94500000000000028422e+00,1.00042685486237914461e+00
6.95000000000000017764e+00,1.00042186559794687994e+00
6.95500000000000007105e+00,1.00041647274046008320e+00
6.95999999999999996447e+00,1.00041068659357779147e+00
6.96499999999999985789e+00,1.00040451777382366494e+00
6.96999999999999975131e+00,1.00039797719588952063e+00
6.97500000000000053291e+00,1.00039107605739596707e+00
6.98000000000000042633e+00,1.00038382582384111075e+00
6.98500000000000031974e+00,1.00037623821314847206e+00
6.99000000000000021316e+00,1.00036832518043361517e+00
6.99500000000000010658e+00,1.00036009890230248587e+00
7.00000000000000000000e+00,1.00035157176140510060e+00
7.00499999999999989342e+00,1.00034275633066283007e+00
7.00999999999999978684e+00,1.00033366535777790141e+00
7.01500000000000056843e+00,1.00032431174935121376e+00
7.02000000000000046185e+00,1.00031470855531878783e+00
7.02500000000000035527e+00,1.00030486895313286411e+00
7.03000000000000024869e+00,1.00029480623229183323e+00
7.03500000000000014211e+00,1.00028453377854731343e+00
7.04000000000000003553e+00,1.00027406505849247864e+00
7.04499999999999992895e+00,1.00026341360396608948e+00
7.04999999999999982236e+00,1.00025259299686486436e+00
7.05499999999999971578e+00,1.00024161685369983310e+00
7.06000000000000049738e+00,1.00023049881059478139e+00
7.06500000000000039080e+00,1.00021925250816523523e+00
7.07000000000000028422e+00,1.00020789157685996429e+00
7.07500000000000017764e+00,1.00019642962211552373e+00
7.08000000000000007105e+00,1.00018488021000084842e+00
7.08499999999999996447e+00,1.00017325685280811243e+00
7.08999999999999985789e+00,1.00016157299515562329e+00
7.09499999999999975131e+00,1.00014984199996148639e+00
7.10000000000000053291e+00,1.00013807713495861407e+00
7.10500000000000042633e+00,1.00012629155920840240e+00
7.11000000000000031974e+00,1.00011449831017529277e+00
7.11500000000000021316e+00,1.00010271029072206339e+00
7.12000000000000010658e+00,1.00009094025669154071e+00
7.12500000000000000000e+00,1.00007920080453338585e+00
7.12999999999999989342e+00,1.00006750435953417622e+00
7.13499999999999978684e+00,1.00005586316401218205e+00
7.14000000000000056843e+00,1.00004428926613431194e+00
7.14500000000000046185e+00,1.00003279450882320845e+00
7.15000000000000035527e+00,1.00002139051929694880e+00
7.15500000000000024869e+00,1.00001008869861318651e+00
7.16000000000000014211e+00,9.99998900211866326160e-01
7.16500000000000003553e+00,9.99987835978506822698e-01
7.16999999999999992895e+00,9.99976906663320175284e-01
7.17499999999999982236e+00,9.99966122667441670302e-01
7.17999999999999971578e+00,9.99955494120044807715e-01
7.18500000000000049738e+00,9.99945030870179607518e-01
7.19000000000000039080e+00,9.99934742479288152239e-01
7.19500000000000028422e+00,9.99924638213780303531e-01
7.20000000000000017764e+00,9.99914727038295425565e-01
7.20500000000000007105e+00,9.99905017609134527667e-01
7.20999999999999996447e+00,9.99895518268380634197e-01
7.21499999999999985789e+00,9.99886237038092318130e-01
7.21999999999999975131e+00,9.99877181615192567321e-01
7.22500000000000053291e+00,9.99868359366538728139e-01
7.23000000000000042633e+00,9.99859777324681675559e-01
7.23500000000000031974e+00,9.99851442183708916112e-01
7.24000000000000021316e+00,9.99843360295779914892e-01
7.24500000000000010658e+00,9.99835537667846718790e-01
7.25000000000000000000e+00,9.99827979959060586523e-01
7.25499999999999989342e+00,9.99820692478261552338e-01
7.25999999999999978684e+00,9.99813680182151776066e-01
7.26500000000000056843e+00,9.99806947673652413044e-01
7.27000000000000046185e+00,9.99800499200933279198e-01
7.27500000000000035527e+00,9.99794338656519454567e-01
7.28000000000000024869e+00,9.99788469577066685190e-01
7.28500000000000014211e+00,9.99782895143309757735e-01
7.29000000000000003553e+00,9.99777618180665683667e-01
7.29499999999999992895e+00,9.99772641159900499197e-01
7.29999999999999982236e+00,9.99767966198443103210e-01
7.30499999999999971578e+00,9.99763595061856191748e-01
7.31000000000000049738e+00,9.99759529165937022022e-01
7.31500000000000039080e+00,9.99755769578862807379e-01
7.32000000000000028422e+00,9.99752317023956393882e-01
7.32500000000000017764e+00,9.99749171882585718762e-01
7.33000000000000007105e+00,9.99746334197664565657e-01
7.33499999999999996447e+00,9.99743803677172637734e-01
7.33999999999999985789e+00,9.99741579698263604925e-01
7.34499999999999975131e+00,9.99739661311480398709e-01
7.35000000000000053291e+00,9.99738047245536831653e-01
7.35500000000000042633e+00,9.99736735912088780864e-01
7.36000000000000031974e+00,9.99735725411058595569e-01
7.36500000000000021316e+00,9.99735013536032668391e-01
7.37000000000000010658e+00,9.99734597780189693239e-01
7.37500000000000000000e+00,9.99734475342183737112e-01
7.37999999999999989342e+00,9.99734643132540568011e-01
7.38499999999999978684e+00,9.99735097780092729636e-01
7.39000000000000056843e+00,9.99735835638903669320e-01
7.39500000000000046185e+00,9.99736852795111263781e-01
7.40000000000000035527e+00,9.99738145074239414889e-01
7.40500000000000024869e+00,9.99739708048514641447e-01
7.41000000000000014211e+00,9.99741537044624539732e-01
7.41500000000000003553e+00,9.99743627151359115501e-01
7.41999999999999992895e+00,9.99745973227675444051e-01
7.42499999999999982236e+00,9.99748569910727136190e-01
7.42999999999999971578e+00,9.99751411624291597136e-01
7.43500000000000049738e+00,9.99754492587039078622e-01
7.44000000000000039080e+00,9.99757806821180983192e-01
7.44500000000000028422e+00,9.99761348161041896176e-01
7.45000000000000017764e+00,9.99765110261982337114e-01
7.45500000000000007105e+00,9.99769086609125778864e-01
7.45999999999999996447e+00,9.99773270526416291126e-01
7.46499999999999985789e+00,9.99777655185560165663e-01
7.46999999999999975131e+00,9.99782233615274407157e-01
7.47500000000000053291e+00,9.99786998710296748172e-01
7.48000000000000042633e+00,9.99791943240681768579e-01
7.48500000000000031974e+00,9.99797059860942027854e-01
7.49000000000000021316e+00,9.99802341119449988760e-01
7.49500000000000010658e+00,9.99807779467562940390e-01
7.50000000000000000000e+00,9.99813367268989394709e-01
7.50499999999999989342e+00,9.99819096808962637368e-01
7.50999999999999978684e+00,9.99824960303630771996e-01
7.51500000000000056843e+00,9.99830949909132682407e-01
7.52000000000000046185e+00,9.99837057730873168815e-01
7.52500000000000035527e+00,9.99843275832569045036e-01
7.53000000000000024869e+00,9.99849596245469762756e-01
7.53500000000000014211e+00,9.99856010977228537584e-01
7.54000000000000003553e+00,9.99862512020934124379e-01
7.54499999999999992895e+00,9.99869091363877693368e-01
7.54999999999999982236e+00,9.99875740996456596754e-01
7.55499999999999971578e+00,9.99882452920697661902e-01
7.56000000000000049738e+00,9.99889219158901054740e-01
7.56500000000000039080e+00,9.99896031761990489173e-01
7.57000000000000028422e+00,9.99902882817965577011e-01
7.57500000000000017764e+00,9.99909764459941508008e-01
7.58000000000000007105e+00,9.99916668874279546131e-01
7.58499999999999996447e+00,9.99923588308393673785e-01
7.58999999999999985789e+00,9.99930515078628845416e-01
7.59499999999999975131e+00,9.99937441577701036088e-01
7.60000000000000053291e+00,9.99944360282198019263e-01
7.60500000000000042633e+00,9.99951263759732977832e-01
7.61000000000000031974e+00,9.99958144676141635898e-01
7.61500000000000021316e+00,9.99964995802220424359e-01
7.62000000000000010658e+00,9.99971810020498619309e-01
7.62500000000000000000e+00,9.99978580331644995027e-01
7.62999999999999989342e+00,9.99985299860893128709e-01
7.63499999999999978684e+00,9.99991961863991640769e-01
7.64000000000000056843e+00,9.99998559733166869634e-01
7.64500000000000046185e+00,1.00000508700270307472e+00
7.65000000000000035527e+00,1.00001153735452597004e+00
7.65500000000000024869e+00,1.00001790462329354092e+00
7.66000000000000014211e+00,1.00002418280148530627e+00
7.66500000000000003553e+00,1.00003036604409833998e+00
7.66999999999999992895e+00,1.00003644867332974755e+00
7.67499999999999982236e+00,1.00004242518276020846e+00
7.67999999999999971578e+00,1.00004829024152219752e+00
7.68500000000000049738e+00,1.00005403869806874795e+00
7.69000000000000039080e+00,1.00005966558391823362e+00
7.69500000000000028422e+00,1.00006516611689622032e+00
7.70000000000000017764e+00,1.00007053570435378020e+00
7.70500000000000007105e+00,1.00007576994598523790e+00
7.70999999999999996447e+00,1.00008086463661349796e+00
7.71499999999999985789e+00,1.00008581576847577210e+00
7.71999999999999975131e+00,1.00009061953347933027e+00
7.72500000000000053291e+00,1.00009527232506068017e+00
7.73000000000000042633e+00,1.00009977074000877550e+00
7.73500000000000031974e+00,1.00010411157979506314e+00
7.74000000000000021316e+00,1.00010829185187288815e+00
7.74500000000000010658e+00,1.00011230877058432398e+00
7.75000000000000000000e+00,1.00011615975803791478e+00
7.75499999999999989342e+00,1.00011984244449836368e+00
7.75999999999999978684e+00,1.00012335466874868750e+00
7.76500000000000056843e+00,1.00012669447807356349e+00
7.77000000000000046185e+00,1.00012986012821802895e+00
7.77500000000000035527e+00,1.00013285008286656463e+00
7.78000000000000024869e+00,1.00013566301310818929e+00
7.78500000000000014211e+00,1.00013829779653296015e+00
7.79000000000000003553e+00,1.00014075351631293032e+00
7.79499999999999992895e+00,1.00014302945982147541e+00
7.79999999999999982236e+00,1.00014512511724618093e+00
7.80500000000000060396e+00,1.00014704017985267548e+00
7.81000000000000049738e+00,1.00014877453824357900e+00
7.81500000000000039080e+00,1.00015032828017558231e+00
7.82000000000000028422e+00,1.00015170168838318787e+00
7.82500000000000017764e+00,1.00015289523807293648e+00
7.83000000000000007105e+00,1.00015390959442829200e+00
7.83499999999999996447e+00,1.00015474560969241935e+00
7.83999999999999985789e+00,1.00015540432027716378e+00
7.84499999999999975131e+00,1.00015588694355916921e+00
7.85000000000000053291e+00,1.00015619487470996951e+00
7.85500000000000042633e+00,1.00015632968312284667e+00
7.86000000000000031974e+00,1.00015629310888565229e+00
7.86500000000000021316e+00,1.00015608705896563713e+00
7.87000000000000010658e+00,1.00015571360344668328e+00
7.87500000000000000000e+00,1.00015517497138750613e+00
7.87999999999999989342e+00,1.00015447354674757996e+00
7.88499999999999978684e+00,1.00015361186404838634e+00
7.89000000000000056843e+00,1.00015259260410971365e+00
7.89500000000000046185e+00,1.00015141858943223951e+00
7.90000000000000035527e+00,1.00015009277966848700e+00
7.90500000000000024869e+00,1.00014861826685796942e+00
7.91000000000000014211e+00,1.00014699827075492777e+00
7.91500000000000003553e+00,1.00014523613383410350e+00
7.91999999999999992895e+00,1.00014333531640353669e+00
7.92499999999999982236e+00,1.00014129939150819837e+00
7.93000000000000060396e+00,1.00013913203995374879e+00
7.93500000000000049738e+00,1.00013683704502787108e+00
7.94000000000000039080e+00,1.00013441828735771821e+00
7.94500000000000028422e+00,1.00013187973958217469e+00
7.95000000000000017764e+00,1.00012922546116600486e+00
7.95500000000000007105e+00,1.00012645959294177445e+00
7.95999999999999996447e+00,1.00012358635180698130e+00
7.96499999999999985789e+00,1.00012061002526531084e+00
7.96999999999999975131e+00,1.00011753496613176040e+00
7.97500000000000053291e+00,1.00011436558698929566e+00
7.98000000000000042633e+00,1.00011110635482713960e+00
7.98500000000000031974e+00,1.00010776178554627869e+00
7.99000000000000021316e+00,1.00010433643865015441e+00
7.99500000000000010658e+00,1.00010083491171619663e+00
8.00000000000000000000e+00,1.00009726183506542085e+00
8.00500000000000078160e+00,1.00009362186632699832e+00
8.00999999999999978684e+00,1.00008991968520932758e+00
8.01500000000000056843e+00,1.00008615998807393055e+00
8.01999999999999957367e+00,1.00008234748272828440e+00
8.02500000000000035527e+00,1.00007848688314027186e+00
8.02999999999999936051e+00,1.00007458290437178938e+00
8.03500000000000014211e+00,1.00007064025734537793e+00
8.04000000000000092371e+00,1.00006666364384377843e+00
8.04499999999999992895e+00,1.00006265775145264385e+00
8.05000000000000071054e+00,1.00005862724874416969e+00
8.05499999999999971578e+00,1.00005457678030973412e+00
8.06000000000000049738e+00,1.00005051096204589101e+00
8.06499999999999950262e+00,1.00004643437640128312e+00
8.07000000000000028422e+00,1.00004235156788046091e+00
8.07499999999999928946e+00,1.00003826703841758317e+00
8.08000000000000007105e+00,1.00003418524301457282e+00
8.08500000000000085265e+00,1.00003011058536106503e+00
8.08999999999999985789e+00,1.00002604741372436159e+00
8.09500000000000063949e+00,1.00002200001672236773e+00
8.09999999999999964473e+00,1.00001797261937896977e+00
8.10500000000000042633e+00,1.00001396937917230723e+00
8.10999999999999943157e+00,1.00000999438236526373e+00
8.11500000000000021316e+00,1.00000605164023426141e+00
8.12000000000000099476e+00,1.00000214508558915583e+00
8.12500000000000000000e+00,9.99998278569300458329e-01
8.13000000000000078160e+00,9.99994455857114106223e-01
8.13499999999999978684e+00,9.99990680626381189811e-01
8.14000000000000056843e+00,9.99986956463081666513e-01
8.14499999999999957367e+00,9.99983286858867281843e-01
8.15000000000000035527e+00,9.99979675208400253794e-01
8.15499999999999936051e+00,9.99976124806612798324e-01
8.16000000000000014211e+00,9.99972638846266859147e-01
8.16500000000000092371e+00,9.99969220415540593905e-01
8.16999999999999992895e+00,9.99965872495915508722e-01
8.17500000000000071054e+00,9.99962597959987653518e-01
8.17999999999999971578e+00,9.99959399569584683753e-01
8.18500000000000049738e+00,9.99956279973913009229e-01
8.18999999999999950262e+00,9.99953241708006590471e-01
8.19500000000000028422e+00,9.99950287191103681650e-01
8.19999999999999928946e+00,9.99947418725330439138e-01
8.20500000000000007105e+00,9.99944638494414839158e-01
8.21000000000000085265e+00,9.99941948562702354053e-01
8.21499999999999985789e+00,9.99939350874100796318e-01
8.22000000000000063949e+00,9.99936847251328364550e-01
8.22499999999999964473e+00,9.99934439395192997679e-01
8.23000000000000042633e+00,9.99932128884168935912e-01
8.23499999999999943157e+00,9.99929917173901561256e-01
8.24000000000000021316e+00,9.99927805597010221916e-01
8.24500000000000099476e+00,9.99925795362920366571e-01
8.25000000000000000000e+00,9.99923887557986335040e-01
8.25500000000000078160e+00,9.99922083145538653781e-01
8.25999999999999978684e+00,9.99920382966223320054e-01
8.26500000000000056843e+00,9.99918787738364511775e-01
8.26999999999999957367e+00,9.99917298058610182210e-01
8.27500000000000035527e+00,9.99915914402497829627e-01
8.27999999999999936051e+00,9.99914637125299821108e-01
8.28500000000000014211e+00,9.99913466462889255482e-01
8.29000000000000092371e+00,9.99912402532876720684e-01
8.29499999999999992895e+00,9.99911445335659010425e-01
8.30000000000000071054e+00,9.99910594755739068340e-01
8.30499999999999971578e+00,9.99909850563055035977e-01
8.31000000000000049738e+00,9.99909212414570758298e-01
8.31499999999999950262e+00,9.99908679855767701383e-01
8.32000000000000028422e+00,9.99908252322396551293e-01
8.32499999999999928946e+00,9.99907929142227480668e-01
8.33000000000000007105e+00,9.99907709537048328130e-01
8.33500000000000085265e+00,9.99907592624555308092e-01
8.33999999999999985789e+00,9.99907577420487081454e-01
8.34500000000000063949e+00,9.99907662840748723276e-01
8.34999999999999964473e+00,9.99907847703767727054e-01
8.35500000000000042633e+00,9.99908130732731548207e-01
8.35999999999999943157e+00,9.99908510558053631456e-01
8.36500000000000021316e+00,9.99908985719817566817e-01
8.37000000000000099476e+00,9.99909554670436850898e-01
8.37500000000000000000e+00,9.99910215777184752106e-01
8.38000000000000078160e+00,9.99910967324937116629e-01
8.38499999999999978684e+00,9.99911807518878870127e-01
8.39000000000000056843e+00,9.99912734487413468187e-01
8.39499999999999957367e+00,9.99913746284926352459e-01
8.40000000000000035527e+00,9.99914840894745471367e-01
8.40499999999999936051e+00,9.99916016232055504531e-01
8.41000000000000014211e+00,9.99917270146993830693e-01
8.41500000000000092371e+00,9.99918600427591175439e-01
8.41999999999999992895e+00,9.99920004802892226081e-01
8.42500000000000071054e+00,9.99921480946014185065e-01
8.42999999999999971578e+00,9.99923026477373522170e-01
8.43500000000000049738e+00,9.99924638967743417695e-01
8.43999999999999950262e+00,9.99926315941473853321e-01
8.44500000000000028422e+00,9.99928054879636762919e-01
8.44999999999999928946e+00,9.99929853223324949241e-01
8.45500000000000007105e+00,9.99931708376764927237e-01
8.46000000000000085265e+00,9.99933617710580424642e-01
8.46499999999999985789e+00,9.99935578564966065507e-01
8.47000000000000063949e+00,9.99937588252997833216e-01
8.47499999999999964473e+00,9.99939644063748356295e-01
8.48000000000000042633e+00,9.99941743265533755647e-01
8.48499999999999943157e+00,9.99943883109059905578e-01
8.49000000000000021316e+00,9.99946060830691707544e-01
8.49500000000000099476e+00,9.99948273655512309688e-01
8.50000000000000000000e+00,9.99950518800501675365e-01
8.50500000000000078160e+00,9.99952793477602575045e-01
8.50999999999999978684e+00,9.99955094896893714740e-01
8.51500000000000056843e+00,9.99957420269544261515e-01
8.51999999999999957367e+00,9.99959766810871508724e-01
8.52500000000000035527e+00,9.99962131743277415907e-01
8.52999999999999936051e+00,9.99964512299278407426e-01
8.53500000000000014211e+00,9.99966905724305687997e-01
8.54000000000000092371e+00,9.99969309279597595719e-01
8.54499999999999992895e+00,9.99971720244960504687e-01
8.55000000000000071054e+00,9.99974135921610773892e-01
8.55499999999999971578e+00,9.99976553634779441460e-01
8.56000000000000049738e+00,9.99978970736396410857e-01
8.56499999999999950262e+00,9.99981384607636192285e-01
8.57000000000000028422e+00,9.99983792661532921997e-01
8.57500000000000106581e+00,9.99986192345351687649e-01
8.58000000000000007105e+00,9.99988581143029131582e-01
8.58500000000000085265e+00,9.99990956577467393629e-01
8.58999999999999985789e+00,9.99993316212891114603e-01
8.59500000000000063949e+00,9.99995657656951641989e-01
8.59999999999999964473e+00,9.99997978562893963250e-01
8.60500000000000042633e+00,1.00000027663157098345e+00
8.60999999999999943157e+00,1.00000254961351320304e+00
8.61500000000000021316e+00,1.00000479531074026873e+00
8.62000000000000099476e+00,1.00000701157863058910e+00
8.62500000000000000000e+00,1.00000919632763207723e+00
8.63000000000000078160e+00,1.00001134752502274239e+00
8.63499999999999978684e+00,1.00001346319641215565e+00
8.64000000000000056843e+00,1.00001554142729132124e+00
8.64499999999999957367e+00,1.00001758036442534028e+00
8.65000000000000035527e+00,1.00001957821729048348e+00
8.65499999999999936051e+00,1.00002153325924880711e+00
8.66000000000000014211e+00,1.00002344382876939832e+00
8.66500000000000092371e+00,1.00002530833049108061e+00
8.66999999999999992895e+00,1.00002712523632553143e+00
8.67500000000000071054e+00,1.00002889308629883125e+00
8.67999999999999971578e+00,1.00003061048943786560e+00
8.68500000000000049738e+00,1.00003227612449752115e+00
8.68999999999999950262e+00,1.00003388874072829395e+00
8.69500000000000028422e+00,1.00003544715838188495e+00
8.70000000000000106581e+00,1.00003695026926342493e+00
8.70500000000000007105e+00,1.00003839703712404940e+00
8.71000000000000085265e+00,1.00003978649809477375e+00
8.71499999999999985789e+00,1.00004111776086324070e+00
8.72000000000000063949e+00,1.00004239000689421069e+00
8.72499999999999964473e+00,1.00004360249049573106e+00
8.73000000000000042633e+00,1.00004475453892904824e+00
8.73499999999999943157e+00,1.00004584555226250231e+00
8.74000000000000021316e+00,1.00004687500327360539e+00
8.74500000000000099476e+00,1.00004784243720257209e+00
8.75000000000000000000e+00,1.00004874747154781645e+00
8.75500000000000078160e+00,1.00004958979561542343e+00
8.75999999999999978684e+00,1.00005036917011702613e+00
8.76500000000000056843e+00,1.00005108542662579652e+00
8.76999999999999957367e+00,1.00005173846707950958e+00
8.77500000000000035527e+00,1.00005232826304157889e+00
8.77999999999999936051e+00,1.00005285485501760334e+00
8.78500000000000014211e+00,1.00005331835163424614e+00
8.79000000000000092371e+00,1.00005371892887096053e+00
8.79499999999999992895e+00,1.00005405682905856857e+00
8.80000000000000071054e+00,1.00005433235993512753e+00
8.80499999999999971578e+00,1.00005454589357611894e+00
8.81000000000000049738e+00,1.00005469786537948274e+00
8.81499999999999950262e+00,1.00005478877282838468e+00
8.82000000000000028422e+00,1.00005481917431526817e+00
8.82500000000000106581e+00,1.00005478968784977667e+00
8.83000000000000007105e+00,1.00005470098982840454e+00
8.83500000000000085265e+00,1.00005455381358787648e+00
8.83999999999999985789e+00,1.00005434894803180157e+00
8.84500000000000063949e+00,1.00005408723614364064e+00
8.84999999999999964473e+00,1.00005376957357450252e+00
8.85500000000000042633e+00,1.00005339690701977595e+00
8.85999999999999943157e+00,1.00005297023267747392e+00
8.86500000000000021316e+00,1.00005249059460377126e+00
8.87000000000000099476e+00,1.00005195908314803432e+00
8.87500000000000000000e+00,1.00005137683318867658e+00
8.88000000000000078160e+00,1.00005074502245649981e+00
8.88499999999999978684e+00,1.00005006486976677493e+00
8.89000000000000056843e+00,1.00004933763333592189e+00
8.89499999999999957367e+00,1.00004856460891167202e+00
8.90000000000000035527e+00,1.00004774712799648917e+00
8.90499999999999936051e+00,1.00004688655598861224e+00
8.91000000000000014211e+00,1.00004598429041879903e+00
8.91500000000000092371e+00,1.00004504175900721386e+00
8.91999999999999992895e+00,1.00004406041782178960e+00
8.92500000000000071054e+00,1.00004304174936642369e+00
8.92999999999999971578e+00,1.00004198726076865000e+00
8.93500000000000049738e+00,1.00004089848179922306e+00
8.93999999999999950262e+00,1.00003977696300183631e+00
8.94500000000000028422e+00,1.00003862427375933564e+00
8.95000000000000106581e+00,1.00003744200046917889e+00
8.95500000000000007105e+00,1.00003623174456013345e+00
8.96000000000000085265e+00,1.00003499512062354881e+00
8.96499999999999985789e+00,1.00003373375449466920e+00
8.97000000000000063949e+00,1.00003244928144674475e+00
8.97499999999999964473e+00,1.00003114334423681697e+00
8.98000000000000042633e+00,1.00002981759127296257e+00
8.98499999999999943157e+00,1.00002847367473979290e+00
8.99000000000000021316e+00,1.00002711324884385746e+00
8.99500000000000099476e+00,1.00002573796791915939e+00
9.00000000000000000000e+00,1.00002434948465990239e+00
9.00500000000000078160e+00,1.00002294944832081924e+00
9.00999999999999978684e+00,1.00002153950304162322e+00
9.01500000000000056843e+00,1.00002012128604134134e+00
9.01999999999999957367e+00,1.00001869642594432008e+00
9.02500000000000035527e+00,1.00001726654108114012e+00
9.02999999999999936051e+00,1.00001583323792120339e+00
9.03500000000000014211e+00,1.00001439810937897690e+00
9.04000000000000092371e+00,1.00001296273325968045e+00
9.04499999999999992895e+00,1.00001152867068499042e+00
9.05000000000000071054e+00,1.00001009746465618910e+00
9.05499999999999971578e+00,1.00000867063849607774e+00
9.06000000000000049738e+00,1.00000724969443566259e+00
9.06499999999999950262e+00,1.00000583611218685220e+00
9.07000000000000028422e+00,1.00000443134765415465e+00
9.07500000000000106581e+00,1.00000303683153424217e+00
9.08000000000000007105e+00,1.00000165396806117712e+00
9.08500000000000085265e+00,1.00000028413374186798e+00
9.08999999999999985789e+00,9.99998928676237408553e-01
9.09500000000000063949e+00,9.99997588913132284816e-01
9.09999999999999964473e+00,9.99996266130855238075e-01
9.10500000000000042633e+00,9.99994961583592578691e-01
9.10999999999999943157e+00,9.99993676492349714557e-01
9.11500000000000021316e+00,9.99992412043904765895e-01
9.12000000000000099476e+00,9.99991169389914835719e-01
9.12500000000000000000e+00,9.99989949646018949636e-01
9.13000000000000078160e+00,9.99988753891089210413e-01
9.13499999999999978684e+00,9.99987583166377591581e-01
9.14000000000000056843e+00,9.99986438474815164668e-01
9.14499999999999957367e+00,9.99985320780311770505e-01
9.15000000000000035527e+00,9.99984231007202906127e-01
9.15499999999999936051e+00,9.99983170039594471135e-01
9.16000000000000014211e+00,9.99982138720860058712e-01
9.16500000000000092371e+00,9.99981137853139578908e-01
9.16999999999999992895e+00,9.99980168196984653406e-01
9.17500000000000071054e+00,9.99979230470902646921e-01
9.17999999999999971578e+00,9.99978325351053687342e-01
9.18500000000000049738e+00,9.99977453470946908709e-01
9.18999999999999950262e+00,9.99976615421283687724e-01
9.19500000000000028422e+00,9.99975811749700405073e-01
9.20000000000000106581e+00,9.99975042960659088465e-01
9.20500000000000007105e+00,9.99974309515340831211e-01
9.21000000000000085265e+00,9.99973611831681541418e-01
9.21499999999999985789e+00,9.99972950284306771884e-01
9.22000000000000063949e+00,9.99972325204612877414e-01
9.22499999999999964473e+00,9.99971736880848505180e-01
9.23000000000000042633e+00,9.99971185558336417287e-01
9.23499999999999943157e+00,9.99970671439591618501e-01
9.24000000000000021316e+00,9.99970194684584590128e-01
9.24500000000000099476e+00,9.99969755411000971179e-01
9.25000000000000000000e+00,9.99969353694638019014e-01
9.25500000000000078160e+00,9.99968989569697708220e-01
9.25999999999999978684e+00,9.99968663029217164073e-01
9.26500000000000056843e+00,9.99968374025495876367e-01
9.26999999999999957367e+00,9.99968122470655140788e-01
9.27500000000000035527e+00,9.99967908237089697643e-01
9.27999999999999936051e+00,9.99967731158053263485e-01
9.28500000000000014211e+00,9.99967591028238844686e-01
9.29000000000000092371e+00,9.99967487604483951102e-01
9.29499999999999992895e+00,9.99967420606367118907e-01
9.30000000000000071054e+00,9.99967389716932997246e-01
9.30499999999999971578e+00,9.99967394583405999597e-01
9.31000000000000049738e+00,9.99967434818027856025e-01
9.31499999999999950262e+00,9.99967509998779480185e-01
9.32000000000000028422e+00,9.99967619670226515183e-01
9.32500000000000106581e+00,9.99967763344352666977e-01
9.33000000000000007105e+00,9.99967940501506280526e-01
9.33500000000000085265e+00,9.99968150591230786617e-01
9.33999999999999985789e+00,9.99968393033213498455e-01
9.34500000000000063949e+00,9.99968667218213758119e-01
9.34999999999999964473e+00,9.99968972509104103708e-01
9.35500000000000042633e+00,9.99969308241788090719e-01
9.35999999999999943157e+00,9.99969673726229357769e-01
9.36500000000000021316e+00,9.99970068247459042965e-01
9.37000000000000099476e+00,9.99970491066687783288e-01
9.37500000000000000000e+00,9.99970941422290149347e-01
9.38000000000000078160e+00,9.99971418530895883592e-01
9.38499999999999978684e+00,9.99971921588453938057e-01
9.39000000000000056843e+00,9.99972449771394211737e-01
9.39499999999999957367e+00,9.99973002237659724933e-01
9.40000000000000035527e+00,9.99973578127837159357e-01
9.40499999999999936051e+00,9.99974176566257311194e-01
9.41000000000000014211e+00,9.99974796662187248586e-01
9.41500000000000092371e+00,9.99975437510886688841e-01
9.41999999999999992895e+00,9.99976098194759743798e-01
9.42500000000000071054e+00,9.99976777784469694765e-01
9.42999999999999971578e+00,9.99977475340141142013e-01
9.43500000000000049738e+00,9.99978189912422266161e-01
9.43999999999999950262e+00,9.99978920543634686169e-01
9.44500000000000028422e+00,9.99979666268885236668e-01
9.45000000000000106581e+00,9.99980426117256682161e-01
9.45500000000000007105e+00,9.99981199112856433686e-01
9.46000000000000085265e+00,9.99981984275946755858e-01
9.46499999999999985789e+00,9.99982780624032119299e-01
9.47000000000000063949e+00,9.99983587173022270278e-01
9.47499999999999964473e+00,9.99984402938246974557e-01
9.48000000000000042633e+00,9.99985226935549587068e-01
9.48499999999999943157e+00,9.99986058182331882804e-01
9.49000000000000021316e+00,9.99986895698671718336e-01
9.49500000000000099476e+00,9.99987738508287149486e-01
9.50000000000000000000e+00,9.99988585639575378039e-01
9.50500000000000078160e+00,9.99989436126601183297e-01
9.50999999999999978684e+00,9.99990289010150190663e-01
9.51500000000000056843e+00,9.99991143338629484560e-01
9.51999999999999957367e+00,9.99991998169035833932e-01
9.52500000000000035527e+00,9.99992852567871959302e-01
9.52999999999999936051e+00,9.99993705612123306992e-01
9.53500000000000014211e+00,9.99994556390079392116e-01
9.54000000000000092371e+00,9.99995404002219423489e-01
9.54499999999999992895e+00,9.99996247562042750445e-01
9.55000000000000071054e+00,9.99997086196957041260e-01
9.55499999999999971578e+00,9.99997919049008809900e-01
9.56000000000000049738e+00,9.99998745275674894017e-01
9.56499999999999950262e+00,9.99999564050596090325e-01
9.57000000000000028422e+00,1.00000037456436730032e+00
9.57500000000000106581e+00,1.00000117602516658266e+00
9.58000000000000007105e+00,1.00000196765944249222e+00
9.58500000000000085265e+00,1.00000274871254513087e+00
9.58999999999999985789e+00,1.00000351844940604806e+00
9.59500000000000063949e+00,1.00000427615506159995e+00
9.59999999999999964473e+00,1.00000502113522760084e+00
9.60500000000000042633e+00,1.00000575271682068390e+00
9.60999999999999943157e+00,1.00000647024852362676e+00
9.61500000000000021316e+00,1.00000717310119524583e+00
9.62000000000000099476e+00,1.00000786066833069476e+00
9.62500000000000000000e+00,1.00000853236646469746e+00
9.63000000000000078160e+00,1.00000918763562229863e+00
9.63499999999999978684e+00,1.00000982593960952016e+00
9.64000000000000056843e+00,1.00001044676635686415e+00
9.64499999999999957367e+00,1.00001104962820397404e+00
9.65000000000000035527e+00,1.00001163406223181340e+00
9.65499999999999936051e+00,1.00001219963043430639e+00
9.66000000000000014211e+00,1.00001274591994437912e+00
9.66500000000000092371e+00,1.00001327254319871685e+00
9.66999999999999992895e+00,1.00001377913815381326e+00
9.67500000000000071054e+00,1.00001426536833859515e+00
9.67999999999999971578e+00,1.00001473092296278011e+00
9.68500000000000049738e+00,1.00001517551696705866e+00
9.68999999999999950262e+00,1.00001559889112168200e+00
9.69500000000000028422e+00,1.00001600081196539982e+00
9.70000000000000106581e+00,1.00001638107179990911e+00
9.70500000000000007105e+00,1.00001673948862679353e+00
9.71000000000000085265e+00,1.00001707590613508891e+00
9.71499999999999985789e+00,1.00001739019353053095e+00
9.72000000000000063949e+00,1.00001768224542098018e+00
9.72499999999999964473e+00,1.00001795198164611378e+00
9.73000000000000042633e+00,1.00001819934715996396e+00
9.73499999999999943157e+00,1.00001842431175669290e+00
9.74000000000000021316e+00,1.00001862686985321105e+00
9.74500000000000099476e+00,1.00001880704022028112e+00
9.75000000000000000000e+00,1.00001896486576624667e+00
9.75500000000000078160e+00,1.00001910041316777189e+00
9.75999999999999978684e+00,1.00001921377255742485e+00
9.76500000000000056843e+00,1.00001930505716618569e+00
9.76999999999999957367e+00,1.00001937440301480464e+00
9.77500000000000035527e+00,1.00001942196846038691e+00
9.77999999999999936051e+00,1.00001944793379937693e+00
9.78500000000000014211e+00,1.00001945250082746597e+00
9.79000000000000092371e+00,1.00001943589245367860e+00
9.79499999999999992895e+00,1.00001939835216901997e+00
9.80000000000000071054e+00,1.00001934014357729552e+00
9.80499999999999971578e+00,1.00001926154988307616e+00
9.81000000000000049738e+00,1.00001916287343806111e+00
9.81499999999999950262e+00,1.00001904443514533227e+00
9.82000000000000028422e+00,1.00001890657392644712e+00
9.82500000000000106581e+00,1.00001874964615167229e+00
9.83000000000000007105e+00,1.00001857402512861484e+00
9.83500000000000085265e+00,1.00001838010045407401e+00
9.83999999999999985789e+00,1.00001816827743050808e+00
9.84500000000000063949e+00,1.00001793897644875031e+00
9.84999999999999964473e+00,1.00001769263243223129e+00
9.85500000000000042633e+00,1.00001742969414864071e+00
9.85999999999999943157e+00,1.00001715062358664809e+00
9.86500000000000021316e+00,1.00001685589530531217e+00
9.87000000000000099476e+00,1.00001654599584566263e+00
9.87500000000000000000e+00,1.00001622142301305196e+00
9.88000000000000078160e+00,1.00001588268522922931e+00
9.88499999999999978684e+00,1.00001553030085821305e+00
9.89000000000000056843e+00,1.00001516479759944289e+00
9.89499999999999957367e+00,1.00001478671175259016e+00
9.90000000000000035527e+00,1.00001439658755675310e+00
9.90499999999999936051e+00,1.00001399497650700354e+00
9.91000000000000014211e+00,1.00001358243673710291e+00
9.91500000000000092371e+00,1.00001315953228431255e+00
9.91999999999999992895e+00,1.00001272683242392603e+00
9.92500000000000071054e+00,1.00001228491098848039e+00
9.92999999999999971578e+00,1.00001183434575535713e+00
9.93500000000000049738e+00,1.00001137571771891999e+00
9.93999999999999950262e+00,1.00001090961043459515e+00
9.94500000000000028422e+00,1.00001043660935118318e+00
9.95000000000000106581e+00,1.00000995730121555738e+00
9.95500000000000007105e+00,1.00000947227336034473e+00
9.96000000000000085265e+00,1.00000898211307287511e+00
9.96499999999999985789e+00,1.00000848740694792127e+00
9.97000000000000063949e+00,1.00000798874032059693e+00
9.97499999999999964473e+00,1.00000748669658223733e+00
9.98000000000000042633e+00,1.00000698185657932449e+00
9.98499999999999943157e+00,1.00000647479800264250e+00
9.99000000000000021316e+00,1.00000596609485237209e+00
9.99500000000000099476e+00,1.00000545631679482739e+00
1.00000000000000000000e+01,1.00000494602860134918e+00
